Info,Nome,Sesso,Categoria,Sotto_categoria,Colore,Prezzo_finale,Prezzo_originale
Melluso Gift Card Virtuale,Gift Card,donna,,,,50.0,50.0
Décolleté donna slingback in pelle nude e bianco e1690,e1690,donna,decollete,Décolleté,bianco,149.9,149.9
Décolleté donna in pelle acero d5176w,d5176w,donna,decollete,Décolleté,acero,104.93,149.9
Décolleté donna in camoscio zebra verde d5176w,d5176w,donna,decollete,Décolleté,verde,111.93,159.9
Décolleté donna in camoscio zebra cioccolato d5176w,d5176w,donna,decollete,Décolleté,cioccolato,111.93,159.9
Décolleté donna in camoscio vino d5178w,d5178w,donna,decollete,Décolleté,vino,73.45,149.9
Décolleté donna in camoscio petrolio d5185w,d5185w,donna,decollete,Décolleté,petrolio,104.93,149.9
Décolleté donna in pelle nero d5185w,d5185w,donna,decollete,Décolleté,nero,94.44,149.9
Décolleté donna in camoscio acero d5185w,d5185w,donna,decollete,Décolleté,acero,94.44,149.9
Décolleté donna in camoscio rovere d5125w,d5125w,donna,decollete,Décolleté,rovere,97.93,139.9
Décolleté donna con cinturino in vernice nero d5126w,d5126w,donna,decollete,Décolleté,nero,104.93,149.9
Décolleté donna con cinturino in camoscio rovere d5126w,d5126w,donna,decollete,Décolleté,rovere,97.93,139.9
Décolleté donna con cinturino in camoscio acero d5126w,d5126w,donna,decollete,Décolleté,acero,97.93,139.9
Décolleté donna in pelle rosa onion d5173w,d5173w,donna,decollete,Décolleté,onion,97.93,139.9
Décolleté donna in wash tortora d5175w,d5175w,donna,decollete,Décolleté,tortora,104.93,149.9
Décolleté donna in camoscio viola d5175w,d5175w,donna,decollete,Décolleté,viola,104.93,149.9
Décolleté donna in pelle cipria d5176w,d5176w,donna,decollete,Décolleté,cipria,149.9,149.9
Décolleté donna in pelle nero d5071w,d5071w,donna,decollete,Décolleté,nero,81.84,129.9
Décolleté donna in pelle moro d5071w,d5071w,donna,decollete,Décolleté,moro,81.84,129.9
Décolleté donna in camoscio blu notte d5096w,d5096w,donna,decollete,Décolleté,notte,81.84,129.9
Décolleté donna in camoscio rovere d5096w,d5096w,donna,decollete,Décolleté,rovere,81.84,129.9
Décolleté donna in pelle nero d5125w,d5125w,donna,decollete,Décolleté,nero,97.93,139.9
Décolleté donna in vernice nero d5125w,d5125w,donna,decollete,Décolleté,nero,104.93,149.9
Décolleté donna in vernice blu notte d5096w,d5096w,donna,decollete,Décolleté,notte,97.93,139.9
Décolleté donna in pelle acero d5096w,d5096w,donna,decollete,Décolleté,acero,90.93,129.9
Décolleté donna in camoscio bordo d5096w,d5096w,donna,decollete,Décolleté,bordo,90.93,129.9
Décolleté donna in pelle blu navy d5176w,d5176w,donna,decollete,Décolleté,navy,149.9,149.9
Décolleté donna in camoscio blu navy d5185w,d5185w,donna,decollete,Décolleté,navy,94.44,149.9
Décolleté donna in pelle harrods nero d5186w,d5186w,donna,decollete,Décolleté,nero,104.93,149.9
Décolleté donna in pelle cipria e5115w,e5115w,donna,decollete,Décolleté,cipria,118.93,169.9
Décolleté donna in camoscio nero e5125w,e5125w,donna,decollete,Décolleté,nero,115.5,165.0
Décolleté donna in camoscio acero e5125w,e5125w,donna,decollete,Décolleté,acero,115.5,165.0
Décolleté donna in camoscio verde e5130w,e5130w,donna,decollete,Décolleté,verde,115.5,165.0
Décolleté donna con elastico in camoscio nero e5134,e5134,donna,decollete,Décolleté,nero,115.5,165.0
Décolleté donna in pelle cipria e5138g,e5138g,donna,decollete,Décolleté,cipria,125.93,179.9
Décolleté donna in pelle nero e5143w,e5143w,donna,decollete,Décolleté,nero,111.93,159.9
Décolleté donna in camoscio viola d5176w,d5176w,donna,decollete,Décolleté,viola,104.93,149.9
Décolleté donna in camoscio acero d5176w,d5176w,donna,decollete,Décolleté,acero,149.9,149.9
Décolleté donna in camoscio nero d5176w,d5176w,donna,decollete,Décolleté,nero,149.9,149.9
Décolleté donna in pelle harrods verde d5186w,d5186w,donna,decollete,Décolleté,verde,104.93,149.9
Décolleté donna in camoscio nero d5096w,d5096w,donna,decollete,Décolleté,nero,81.84,129.9
Décolleté donna in camoscio blu notte d5125w,d5125w,donna,decollete,Décolleté,notte,97.93,139.9
Décolleté donna con cinturino in camoscio bordo d5126w,d5126w,donna,decollete,Décolleté,bordo,97.93,139.9
Décolleté donna in vernice e pelle nero beige e5142w,e5142w,donna,decollete,Décolleté,beige,111.93,159.9
Décolleté donna in vernice e pelle marrone nero e5142w,e5142w,donna,decollete,Décolleté,nero,111.93,159.9
Décolleté donna in camoscio e vernice nero e5142w,e5142w,donna,decollete,Décolleté,nero,111.93,159.9
Décolleté donna in camoscio vino e5142w,e5142w,donna,decollete,Décolleté,vino,111.93,159.9
Dècolletè donna in pelle blu navy k59026w,k59026w,donna,decollete,Dècolletè,navy,104.93,149.9
Décolleté donna in pelle nero r35108w,r35108w,donna,decollete,Décolleté,nero,104.93,149.9
Décolleté donna cinturino incrociato in tessuto galassia platino e1631zv,e1631zv,donna,decollete,Décolleté,platino,159.9,159.9
Décolleté donna in camoscio viola d5186w,d5186w,donna,decollete,Décolleté,viola,149.9,149.9
Décolleté donna slingback in tessuto argento d188,d188,donna,decollete,Décolleté,argento,149.9,149.9
Dècolletè donna comodo in pelle nude r30611z,r30611z,donna,decollete,Dècolletè,nude,125.0,125.0
Décolleté donna in pelle nero v5342,v5342,donna,decollete,Décolleté,nero,104.93,149.9
Décolleté donna  in camoscio blu navy x5100w,x5100w,donna,decollete,Décolleté,navy,101.5,145.0
Décolleté donna con cinturino in camoscio bordo x5214w,x5214w,donna,decollete,Décolleté,bordo,101.5,145.0
Décolleté donna in camoscio acero x5216w,x5216w,donna,decollete,Décolleté,acero,108.5,155.0
Décolleté donna in camoscio marrone x5216w,x5216w,donna,decollete,Décolleté,marrone,108.5,155.0
Décolleté donna in pelle nero x5216w,x5216w,donna,decollete,Décolleté,nero,108.5,155.0
Décolleté donna in camoscio bordo x5216w,x5216w,donna,decollete,Décolleté,bordo,108.5,155.0
Décolleté donna in camoscio nero x5318w,x5318w,donna,decollete,Décolleté,nero,108.5,155.0
Décolleté donna in camoscio blu navy x5318w,x5318w,donna,decollete,Décolleté,navy,108.5,155.0
Décolleté donna in pelle marrone x5318w,x5318w,donna,decollete,Décolleté,marrone,108.5,155.0
Mocassino donna in camoscio nero x5320w,x5320w,donna,decollete,Mocassino,nero,108.5,155.0
Mocassino donna in camoscio bordo x5320w,x5320w,donna,decollete,Mocassino,bordo,108.5,155.0
Mocassino donna in camoscio grigio x5320w,x5320w,donna,decollete,Mocassino,grigio,108.5,155.0
Mocassino donna in pelle nero x5320w,x5320w,donna,decollete,Mocassino,nero,108.5,155.0
Décolleté donna in camoscio blu abyss d110z,d110z,donna,decollete,Décolleté,abyss,129.9,129.9
Décolleté donna in camoscio fondotinta d110z,d110z,donna,decollete,Décolleté,fondotinta,129.9,129.9
Décolleté donna in pelle abyss d110z,d110z,donna,decollete,Décolleté,abyss,129.9,129.9
Décolleté donna in camoscio blu notte d116z,d116z,donna,decollete,Décolleté,notte,90.93,129.9
Décolleté donna  in pelle nude d160zv,d160zv,donna,decollete,Décolleté,nude,149.9,149.9
Décolleté donna  in pelle blu abyss d160zv,d160zv,donna,decollete,Décolleté,abyss,149.9,149.9
Décolleté donna  in pelle platino d160w,d160w,donna,decollete,Décolleté,platino,149.9,149.9
Décolleté donna  in pelle nude d160w,d160w,donna,decollete,Décolleté,nude,149.9,149.9
Décolleté donna  in pelle blu abyss d160zv,d160zv,donna,decollete,Décolleté,abyss,149.9,149.9
Décolleté donna  in pelle lilla d160zv,d160zv,donna,decollete,Décolleté,lilla,149.9,149.9
Décolleté donna slingback in tessuto rosa phard d165z,d165z,donna,decollete,Décolleté,phard,149.9,149.9
Décolleté donna slingback in pelle wash platino d165z,d165z,donna,decollete,Décolleté,platino,149.9,149.9
Décolleté donna slingback in tessuto platino d165z,d165z,donna,decollete,Décolleté,platino,149.9,149.9
Décolleté donna slingback in tessuto argento d165z,d165z,donna,decollete,Décolleté,argento,149.9,149.9
Décolleté donna slingback in tessuto blu notte d165z,d165z,donna,decollete,Décolleté,notte,149.9,149.9
Décolleté donna slingback in pelle rosa contour d165zv,d165zv,donna,decollete,Décolleté,contour,104.93,149.9
Décolleté donna slingback in pelle argento d166z,d166z,donna,decollete,Décolleté,argento,139.9,139.9
Décolleté donna slingback in pelle nappetta nero d166z,d166z,donna,decollete,Décolleté,nero,139.9,139.9
Décolleté donna slingback in pelle nappetta blu abyss d166z,d166z,donna,decollete,Décolleté,abyss,139.9,139.9
Décolleté donna slingback in pelle fondotinta d166z,d166z,donna,decollete,Décolleté,fondotinta,139.9,139.9
Décolleté donna slingback in pelle carne d166z,d166z,donna,decollete,Décolleté,carne,149.9,149.9
Décolleté donna slingback in pelle verlux nero d166z,d166z,donna,decollete,Décolleté,nero,149.9,149.9
Décolleté donna slingback in pelle bianco d166z,d166z,donna,decollete,Décolleté,bianco,149.9,149.9
Décolleté donna slingback in tessuto galassia blu notte d168zv,d168zv,donna,decollete,Décolleté,notte,149.9,149.9
Décolleté donna slingback in pelle blu notte d168zv,d168zv,donna,decollete,Décolleté,notte,149.9,149.9
Décolleté donna slingback in pelle nude d168zv,d168zv,donna,decollete,Décolleté,nude,149.9,149.9
Décolleté donna slingback in pelle nero d168zv,d168zv,donna,decollete,Décolleté,nero,149.9,149.9
Décolleté donna slingback in pelle platino d168zv,d168zv,donna,decollete,Décolleté,platino,149.9,149.9
Décolleté donna slingback in pelle blu abyss d168zv,d168zv,donna,decollete,Décolleté,abyss,104.93,149.9
Décolleté donna slingback in tessuto platino d168zv,d168zv,donna,decollete,Décolleté,platino,149.9,149.9
Décolleté donna in tessuto platino e1301z,e1301z,donna,decollete,Décolleté,platino,139.9,139.9
Décolleté donna in tessuto argento e1301z,e1301z,donna,decollete,Décolleté,argento,139.9,139.9
Décolleté donna in tessuto blu notte e1301z,e1301z,donna,decollete,Décolleté,notte,139.9,139.9
Décolleté slingback donna in pelle nero e1301z,e1301z,donna,decollete,Décolleté,nero,139.9,139.9
Décolleté donna cinturino incrociato in tessuto pelle nude e1631zv,e1631zv,donna,decollete,Décolleté,nude,159.9,159.9
Décolleté donna cinturino incrociato in pelle nero e1631zv,e1631zv,donna,decollete,Décolleté,nero,159.9,159.9
Décolleté donna in pelle blu abyss d175z,d175z,donna,decollete,Décolleté,abyss,139.9,139.9
Décolleté donna slingback in pelle nero d179z,d179z,donna,decollete,Décolleté,nero,139.9,139.9
Décolleté donna in pelle beige kiss d179z,d179z,donna,decollete,Décolleté,kiss,139.9,139.9
Décolleté donna slingback in pelle bianco milk d179z,d179z,donna,decollete,Décolleté,milk,139.9,139.9
Décolleté donna cinturino incrociato in tessuto pelle wash platino e1631zv,e1631zv,donna,decollete,Décolleté,platino,169.9,169.9
Décolleté donna slingback in pelle rosa contour e1634zv,e1634zv,donna,decollete,Décolleté,contour,169.9,169.9
Décolleté donna slingback in pelle blu abyss e1634zv,e1634zv,donna,decollete,Décolleté,abyss,159.9,159.9
Décolleté donna slingback in tessuto galassia platino e1634zv,e1634zv,donna,decollete,Décolleté,platino,159.9,159.9
Décolleté donna slingback in pelle wash argento e1634zv,e1634zv,donna,decollete,Décolleté,argento,169.9,169.9
Décolleté donna slingback in pelle platino e1634zv,e1634zv,donna,decollete,Décolleté,platino,169.9,169.9
Décolleté donna slingback in pelle nero e1634zv,e1634zv,donna,decollete,Décolleté,nero,159.9,159.9
Décolleté donna slingback in tessuto galassia notte e1634zv,e1634zv,donna,decollete,Décolleté,notte,159.9,159.9
Décolleté donna slingback in pelle nude e1634zv,e1634zv,donna,decollete,Décolleté,nude,159.9,159.9
Décolleté donna slingback in pelle bianco e1634zv,e1634zv,donna,decollete,Décolleté,bianco,159.9,159.9
Décolleté donna slingback in pelle rosa glicine e1634zv,e1634zv,donna,decollete,Décolleté,glicine,118.93,169.9
Décolleté donna slingback in pelle harrods blu abyss e1634zv,e1634zv,donna,decollete,Décolleté,abyss,111.93,159.9
Décolleté donna slingback in pelle verde acid e1634zv,e1634zv,donna,decollete,Décolleté,acid,118.93,169.9
Décolleté donna slingback in tessuto azzurro cielo e1634w,e1634w,donna,decollete,Décolleté,cielo,111.93,159.9
Décolleté donna slingback in pelle platino d166z,d166z,donna,decollete,Décolleté,platino,139.9,139.9
Décolleté donna in harrods viola d5186w,d5186w,donna,decollete,Décolleté,viola,149.9,149.9
Décolleté donna slingback in pelle blu abyss d165zv,d165zv,donna,decollete,Décolleté,abyss,149.9,149.9
Décolleté donna slingback in pelle wash abyss d166z,d166z,donna,decollete,Décolleté,abyss,139.9,139.9
Décolleté donna slingback in pelle platino d192,d192,donna,decollete,Décolleté,platino,149.9,149.9
Décolleté donna aperto ai lati in tessuto galassia argento e1630zv,e1630zv,donna,decollete,Décolleté,argento,159.9,159.9
Décolleté donna aperto ai lati in tessuto galassia platino e1630zv,e1630zv,donna,decollete,Décolleté,platino,159.9,159.9
Décolleté donna aperto ai lati in tessuto galassia notte e1630zv,e1630zv,donna,decollete,Décolleté,notte,159.9,159.9
Décolleté donna aperto ai lati in tessuto galassia phard e1630zv,e1630zv,donna,decollete,Décolleté,phard,159.9,159.9
Décolleté donna slingback in pelle argento d165z,d165z,donna,decollete,Décolleté,argento,149.9,149.9
Décolleté donna slingback in pelle wash rame d168zv,d168zv,donna,decollete,Décolleté,rame,104.93,149.9
Décolleté donna in pelle nero d175z,d175z,donna,decollete,Décolleté,nero,139.9,139.9
Décolleté donna slingback in pelle nude d179z,d179z,donna,decollete,Décolleté,nude,139.9,139.9
Décolleté donna slingback in tessuto galassia argento d180z,d180z,donna,decollete,Décolleté,argento,139.9,139.9
Décolleté donna slingback in tessuto galassia platino d180z,d180z,donna,decollete,Décolleté,platino,139.9,139.9
Décolleté slingback donna in pelle e nylon nero e1852,e1852,donna,decollete,Décolleté,nero,159.9,159.9
Dècolletè donna comodo in pelle blu abyss r30611z,r30611z,donna,decollete,Dècolletè,abyss,125.0,125.0
Dècolletè donna comodo in pelle nero r30611z,r30611z,donna,decollete,Dècolletè,nero,125.0,125.0
Décolleté donna in pelle nude e1301z,e1301z,donna,decollete,Décolleté,nude,139.9,139.9
Décolleté donna in camoscio nero d5185w,d5185w,donna,decollete,Décolleté,nero,94.44,149.9
Décolleté donna  in camoscio marrone x5100w,x5100w,donna,decollete,Décolleté,marrone,101.5,145.0
Décolleté donna in camoscio nero x5216w,x5216w,donna,decollete,Décolleté,nero,108.5,155.0
Décolleté donna in pelle nero d5072w,d5072w,donna,decollete,Décolleté,nero,81.84,129.9
Décolleté donna in camoscio nero d5173w,d5173w,donna,decollete,Décolleté,nero,97.93,139.9
Décolleté donna in pelle nero d5178w,d5178w,donna,decollete,Décolleté,nero,104.93,149.9
Décolleté donna in camoscio sella d5185w,d5185w,donna,decollete,Décolleté,sella,94.44,149.9
Décolleté donna con cinturino in pelle nero x5214w,x5214w,donna,decollete,Décolleté,nero,101.5,145.0
Décolleté donna in pelle moro r35108w,r35108w,donna,decollete,Décolleté,moro,104.93,149.9
Décolleté donna in pelle milk v5342,v5342,donna,decollete,Décolleté,milk,104.93,149.9
Décolleté donna in pelle nero d5176w,d5176w,donna,decollete,Décolleté,nero,149.9,149.9
Décolleté donna in pelle nero x5318w,x5318w,donna,decollete,Décolleté,nero,108.5,155.0
Décolleté donna in pelle cipria d5186w,d5186w,donna,decollete,Décolleté,cipria,149.9,149.9
Décolleté donna in vernice e camoscio marrone k91616w,k91616w,donna,decollete,Décolleté,marrone,83.93,119.9
Décolleté donna in pelle blu notte d100z,d100z,donna,decollete,Décolleté,notte,129.9,129.9
Décolleté donna slingback in tessuto argento d168zv,d168zv,donna,decollete,Décolleté,argento,149.9,149.9
Décolleté donna con cinturino in camoscio nero d5126w,d5126w,donna,decollete,Décolleté,nero,97.93,139.9
Décolleté donna in pelle nero e5115w,e5115w,donna,decollete,Décolleté,nero,118.93,169.9
Décolleté donna in pelle nero 055004,055004,donna,decollete,Décolleté,nero,69.93,99.9
Décolleté donna in camoscio bordo x5222,x5222,donna,decollete,Décolleté,bordo,101.5,145.0
Décolleté donna in pelle nero d5096w,d5096w,donna,decollete,Décolleté,nero,81.84,129.9
Décolleté donna in pelle nero k55233w,k55233w,donna,decollete,Décolleté,nero,62.93,89.9
Dècolletè donna in pelle nero k59026w,k59026w,donna,decollete,Dècolletè,nero,104.93,149.9
Mocassino donna in camoscio blu notte x5320w,x5320w,donna,decollete,Mocassino,notte,108.5,155.0
Décolleté donna in pelle blu notte d5072w,d5072w,donna,decollete,Décolleté,notte,81.84,129.9
Décolleté donna in camoscio bordo x5318w,x5318w,donna,decollete,Décolleté,bordo,108.5,155.0
Décolleté donna in pelle nero e5138g,e5138g,donna,decollete,Décolleté,nero,125.93,179.9
Décolleté donna cinturino incrociato in tessuto galassia argento e1631zv,e1631zv,donna,decollete,Décolleté,argento,159.9,159.9
Décolleté donna slingback in pelle milk e1634zv,e1634zv,donna,decollete,Décolleté,milk,159.9,159.9
Décolleté donna in pelle nero d100z,d100z,donna,decollete,Décolleté,nero,129.9,129.9
Décolleté donna in camoscio nero d5125w,d5125w,donna,decollete,Décolleté,nero,97.93,139.9
Décolleté donna in pelle blu notte d5125w,d5125w,donna,decollete,Décolleté,notte,97.93,139.9
Décolleté donna con cinturino in pelle nero d5126w,d5126w,donna,decollete,Décolleté,nero,97.93,139.9
Décolleté donna  in pelle nero d160zv,d160zv,donna,decollete,Décolleté,nero,149.9,149.9
Décolleté donna in pelle blu notte d5173w,d5173w,donna,decollete,Décolleté,notte,97.93,139.9
Décolleté donna aperto ai lati in pelle nero e5133,e5133,donna,decollete,Décolleté,nero,115.5,165.0
Décolleté donna in camoscio nero x5222,x5222,donna,decollete,Décolleté,nero,101.5,145.0
Décolleté donna in pelle blu navy d5096w,d5096w,donna,decollete,Décolleté,navy,81.84,129.9
Décolleté donna slingback in tessuto rafia v311,v311,donna,decollete,Décolleté,rafia,149.9,149.9
Décolleté donna in pelle nero d5186w,d5186w,donna,decollete,Décolleté,nero,149.9,149.9
Décolleté donna in pelle cipria e5143w,e5143w,donna,decollete,Décolleté,cipria,111.93,159.9
Décolleté donna in pelle bordo k55233w,k55233w,donna,decollete,Décolleté,bordo,62.93,89.9
Décolleté donna in pelle nero e5115w,e5115w,donna,decollete,Décolleté,nero,118.93,169.9
Mocassino donna in camoscio blu notte x5320w,x5320w,donna,decollete,Mocassino,notte,108.5,155.0
Décolleté donna in pelle blu notte d100z,d100z,donna,decollete,Décolleté,notte,129.9,129.9
Sneakers donna in camoscio e pelle blu r25542w,r25542w,donna,sneakers,Sneakers,blu,104.93,149.9
Sneakers in pelle e camoscio beige coco r25549w,r25549w,donna,sneakers,Sneakers,coco,111.93,159.9
Sneakers donna in camoscio e pelle beige daino r25731w,r25731w,donna,sneakers,Sneakers,daino,115.5,165.0
Sneakers donna in pelle nero r25550w,r25550w,donna,sneakers,Sneakers,nero,104.93,149.9
Sneakers donna in pelle e camoscio topo r25552,r25552,donna,sneakers,Sneakers,topo,115.5,165.0
Sneakers donna in camoscio blu navy r25656w,r25656w,donna,sneakers,Sneakers,navy,108.5,155.0
Sneakers mocassino donna in camoscio arancio r20087,r20087,donna,sneakers,Sneakers,arancio,149.9,149.9
Sneakers donna in pelle nero k55439,k55439,donna,sneakers,Sneakers,nero,69.93,99.9
Sneakers donna in vernice e camoscio taope k55438,k55438,donna,sneakers,Sneakers,taope,76.93,109.9
Sneakers donna in vernice e camoscio nero k55438,k55438,donna,sneakers,Sneakers,nero,76.93,109.9
Sneakers donna in vernice e camoscio nero k55441,k55441,donna,sneakers,Sneakers,nero,69.93,99.9
Sneakers donna in vernice e camoscio beige k55441,k55441,donna,sneakers,Sneakers,beige,69.93,99.9
Sneakers mocassino donna in pelle latte r20088,r20088,donna,sneakers,Sneakers,latte,159.9,159.9
Sneakers in pelle e camoscio nero r25549w,r25549w,donna,sneakers,Sneakers,nero,111.93,159.9
Sneakers donna in camoscio sigaro k35314,k35314,donna,sneakers,Sneakers,sigaro,90.93,129.9
Sneakers donna in vernice nero k35314,k35314,donna,sneakers,Sneakers,nero,90.93,129.9
Sneakers donna in camoscio e pelle nero r25731w,r25731w,donna,sneakers,Sneakers,nero,115.5,165.0
Sneakers donna in vernice acero r25656w,r25656w,donna,sneakers,Sneakers,acero,111.93,159.9
Sneakers donna in pelle e camoscio blu navy r25655w,r25655w,donna,sneakers,Sneakers,navy,111.93,159.9
Sneakers donna in pelle e camoscio marrone r25655w,r25655w,donna,sneakers,Sneakers,marrone,111.93,159.9
Sneakers donna in pelle e camoscio topo r25655w,r25655w,donna,sneakers,Sneakers,topo,111.93,159.9
Sneakers donna in pelle e camoscio nero r25655w,r25655w,donna,sneakers,Sneakers,nero,111.93,159.9
Sneakers donna in camoscio marrone r25653w,r25653w,donna,sneakers,Sneakers,marrone,108.5,155.0
Sneakers donna in camoscio nero r25653w,r25653w,donna,sneakers,Sneakers,nero,108.5,155.0
Sneakers donna in vernice e pelle nero r25643w,r25643w,donna,sneakers,Sneakers,nero,111.93,159.9
Sneakers donna in vernice e camoscio bordo r25642w,r25642w,donna,sneakers,Sneakers,bordo,111.93,159.9
Sneakers donna in vernice e camoscio nero r25642w,r25642w,donna,sneakers,Sneakers,nero,111.93,159.9
Sneakers donna in vernice e camoscio marrone r25642w,r25642w,donna,sneakers,Sneakers,marrone,111.93,159.9
Sneakers donna in vernice e pelle nero r25641w,r25641w,donna,sneakers,Sneakers,nero,111.93,159.9
Sneakers donna in vernice e camoscio moro r25641w,r25641w,donna,sneakers,Sneakers,moro,111.93,159.9
Sneakers donna in pelle cuoio r25634w,r25634w,donna,sneakers,Sneakers,cuoio,111.93,159.9
Sneakers donna in camoscio topo r25634w,r25634w,donna,sneakers,Sneakers,topo,111.93,159.9
Sneakers donna in pelle nero r25634w,r25634w,donna,sneakers,Sneakers,nero,111.93,159.9
Sneakers donna in vernice nero r25625w,r25625w,donna,sneakers,Sneakers,nero,111.93,159.9
Sneakers donna in pelle nero r25625w,r25625w,donna,sneakers,Sneakers,nero,111.93,159.9
Sneakers donna in camoscio nero r25625w,r25625w,donna,sneakers,Sneakers,nero,111.93,159.9
Sneakers donna in camoscio blu navy r25625w,r25625w,donna,sneakers,Sneakers,navy,111.93,159.9
Sneakers donna in pelle e camoscio beige r25551w,r25551w,donna,sneakers,Sneakers,beige,111.93,159.9
Sneakers donna in vernice e pelle beige r25545w,r25545w,donna,sneakers,Sneakers,beige,111.93,159.9
Sneakers donna in vernice e pelle nero r25545w,r25545w,donna,sneakers,Sneakers,nero,111.93,159.9
Sneakers donna in camoscio e pelle beige r25542w,r25542w,donna,sneakers,Sneakers,beige,104.93,149.9
Sneakers donna in camoscio verde r25656w,r25656w,donna,sneakers,Sneakers,verde,108.5,155.0
Sneakers donna in camoscio nero r25656w,r25656w,donna,sneakers,Sneakers,nero,108.5,155.0
Sneakers donna in camoscio bordo r25656w,r25656w,donna,sneakers,Sneakers,bordo,108.5,155.0
Sneakers donna in camoscio topo r25656w,r25656w,donna,sneakers,Sneakers,topo,108.5,155.0
Sneakers donna in pelle e camoscio nero r25552,r25552,donna,sneakers,Sneakers,nero,115.5,165.0
Sneakers donna in camoscio topo r25625w,r25625w,donna,sneakers,Sneakers,topo,111.93,159.9
Melluso Gift Card Virtuale,Gift Card,donna,,,,50.0,50.0
Décolleté donna in vernice beige v5720w,v5720w,donna,donna-mocassini,Décolleté,beige,108.5,155.0
Melluso Gift Card Virtuale,Gift Card,donna,,,,50.0,50.0
Mocassino allacciato donna in pelle  nero r35503w,r35503w,donna,donna-mocassini,Mocassino,nero,104.93,149.9
Mocassino allacciato donna in vernice nero r35503w,r35503w,donna,donna-mocassini,Mocassino,nero,104.93,149.9
Mocassino donna allacciato derby in pelle cuoio 034316w,034316w,donna,donna-mocassini,Mocassino,cuoio,97.93,139.9
Mocassino donna allacciato derby in pelle marrone 034316w,034316w,donna,donna-mocassini,Mocassino,marrone,97.93,139.9
Mocassino donna allacciato derby in pelle nero 034316w,034316w,donna,donna-mocassini,Mocassino,nero,97.93,139.9
Mocassino donna comodo in camoscio beige r30618z,r30618z,donna,donna-mocassini,Mocassino,beige,139.9,139.9
Mocassino donna in camoscio blu navy r35512w,r35512w,donna,donna-mocassini,Mocassino,navy,101.5,145.0
Mocassino donna in camoscio blu navy r35738w,r35738w,donna,donna-mocassini,Mocassino,navy,108.5,155.0
Mocassino donna in camoscio bordo l5255w,l5255w,donna,donna-mocassini,Mocassino,bordo,108.5,155.0
Mocassino donna in camoscio caramello r45383,r45383,donna,donna-mocassini,Mocassino,caramello,108.5,155.0
Mocassino donna in camoscio ebano k53005,k53005,donna,donna-mocassini,Mocassino,ebano,69.3,99.0
Mocassino donna in camoscio grigio x5336w,x5336w,donna,donna-mocassini,Mocassino,grigio,108.5,155.0
Mocassino donna in camoscio marrone r35738w,r35738w,donna,donna-mocassini,Mocassino,marrone,108.5,155.0
Mocassino donna in camoscio marrone r35740w,r35740w,donna,donna-mocassini,Mocassino,marrone,108.5,155.0
Mocassino donna in camoscio marrone x5336w,x5336w,donna,donna-mocassini,Mocassino,marrone,108.5,155.0
Mocassino donna in camoscio nero k53003,k53003,donna,donna-mocassini,Mocassino,nero,62.3,89.0
Mocassino donna in camoscio nero k53005,k53005,donna,donna-mocassini,Mocassino,nero,69.3,99.0
Mocassino donna in camoscio nero l5251w,l5251w,donna,donna-mocassini,Mocassino,nero,108.5,155.0
Mocassino donna in camoscio nero r35512w,r35512w,donna,donna-mocassini,Mocassino,nero,101.5,145.0
Mocassino donna in camoscio nero r35738w,r35738w,donna,donna-mocassini,Mocassino,nero,108.5,155.0
Mocassino donna in camoscio nero x5336w,x5336w,donna,donna-mocassini,Mocassino,nero,108.5,155.0
Mocassino donna in camoscio nero x5345,x5345,donna,donna-mocassini,Mocassino,nero,108.5,155.0
Mocassino donna in camoscio rovere r35727w,r35727w,donna,donna-mocassini,Mocassino,rovere,108.5,155.0
Mocassino donna in camoscio rovere r35727w,r35727w,donna,donna-mocassini,Mocassino,rovere,108.5,155.0
Mocassino donna in camoscio sigaro l5251w,l5251w,donna,donna-mocassini,Mocassino,sigaro,108.5,155.0
Mocassino donna in camoscio sigaro l5255w,l5255w,donna,donna-mocassini,Mocassino,sigaro,108.5,155.0
Mocassino donna in camoscio sigaro r35512w,r35512w,donna,donna-mocassini,Mocassino,sigaro,101.5,145.0
Mocassino donna in camoscio verde l5251w,l5251w,donna,donna-mocassini,Mocassino,verde,108.5,155.0
Mocassino donna in camoscio verde r45383,r45383,donna,donna-mocassini,Mocassino,verde,108.5,155.0
Mocassino donna in camoscio visone k55234w,k55234w,donna,donna-mocassini,Mocassino,visone,62.93,89.9
Mocassino donna in pelle bordo k55234w,k55234w,donna,donna-mocassini,Mocassino,bordo,62.93,89.9
Mocassino donna in pelle bordo k59029w,k59029w,donna,donna-mocassini,Mocassino,bordo,104.93,149.9
Mocassino donna in pelle bordo k91615w,k91615w,donna,donna-mocassini,Mocassino,bordo,83.93,119.9
Mocassino donna in pelle bordo r25072w,r25072w,donna,donna-mocassini,Mocassino,bordo,115.5,165.0
Mocassino donna in pelle camoscio blu navy k55272w,k55272w,donna,donna-mocassini,Mocassino,navy,69.93,99.9
Mocassino donna in pelle caramello l5251w,l5251w,donna,donna-mocassini,Mocassino,caramello,111.93,159.9
Mocassino donna in pelle caramello l5255w,l5255w,donna,donna-mocassini,Mocassino,caramello,111.93,159.9
Mocassino donna in pelle caramello r25077,r25077,donna,donna-mocassini,Mocassino,caramello,108.5,155.0
Mocassino donna in pelle cuoio 034327,034327,donna,donna-mocassini,Mocassino,cuoio,90.93,129.9
Mocassino donna in pelle cuoio 034340,034340,donna,donna-mocassini,Mocassino,cuoio,97.93,139.9
Mocassino donna in pelle marmo 034340,034340,donna,donna-mocassini,Mocassino,marmo,97.93,139.9
Mocassino donna in pelle marmo 034348,034348,donna,donna-mocassini,Mocassino,marmo,97.93,139.9
Mocassino donna in pelle marrone 055000,055000,donna,donna-mocassini,Mocassino,marrone,69.93,99.9
Mocassino donna in pelle marrone k36027w,k36027w,donna,donna-mocassini,Mocassino,marrone,97.93,139.9
Mocassino donna in pelle marrone r35109w,r35109w,donna,donna-mocassini,Mocassino,marrone,104.93,149.9
Mocassino donna in pelle marrone r35511w,r35511w,donna,donna-mocassini,Mocassino,marrone,101.5,145.0
Mocassino donna in pelle moro k55234w,k55234w,donna,donna-mocassini,Mocassino,moro,62.93,89.9
Mocassino donna in pelle nero 034318w,034318w,donna,donna-mocassini,Mocassino,nero,97.93,139.9
Mocassino donna in pelle nero 034327,034327,donna,donna-mocassini,Mocassino,nero,90.93,129.9
Mocassino donna in pelle nero 034327,034327,donna,donna-mocassini,Mocassino,nero,104.93,149.9
Mocassino donna in pelle nero 034340,034340,donna,donna-mocassini,Mocassino,nero,97.93,139.9
Mocassino donna in pelle nero 034348,034348,donna,donna-mocassini,Mocassino,nero,97.93,139.9
Mocassino donna in pelle nero 055000,055000,donna,donna-mocassini,Mocassino,nero,69.93,99.9
Mocassino donna in pelle nero k36027w,k36027w,donna,donna-mocassini,Mocassino,nero,97.93,139.9
Mocassino donna in pelle nero k55234w,k55234w,donna,donna-mocassini,Mocassino,nero,62.93,89.9
Mocassino donna in pelle nero k59029w,k59029w,donna,donna-mocassini,Mocassino,nero,104.93,149.9
Mocassino donna in pelle nero k91615w,k91615w,donna,donna-mocassini,Mocassino,nero,83.93,119.9
Mocassino donna in pelle nero l5251w,l5251w,donna,donna-mocassini,Mocassino,nero,111.93,159.9
Mocassino donna in pelle nero l5255w,l5255w,donna,donna-mocassini,Mocassino,nero,111.93,159.9
Mocassino donna in pelle nero r25072w,r25072w,donna,donna-mocassini,Mocassino,nero,115.5,165.0
Mocassino donna in pelle nero r25077,r25077,donna,donna-mocassini,Mocassino,nero,108.5,155.0
Mocassino donna in pelle nero r35109w,r35109w,donna,donna-mocassini,Mocassino,nero,104.93,149.9
Mocassino donna in pelle nero r35511w,r35511w,donna,donna-mocassini,Mocassino,nero,101.5,145.0
Mocassino donna in pelle nero r35740w,r35740w,donna,donna-mocassini,Mocassino,nero,108.5,155.0
Mocassino donna in pelle nero v5203,v5203,donna,donna-mocassini,Mocassino,nero,108.5,155.0
Mocassino donna in pelle nero v5722w,v5722w,donna,donna-mocassini,Mocassino,nero,108.5,155.0
Mocassino donna in pelle nero x5327w,x5327w,donna,donna-mocassini,Mocassino,nero,,
Mocassino donna in pelle nude r25077,r25077,donna,donna-mocassini,Mocassino,nude,108.5,155.0
Mocassino donna in pelle pelle cocoa k55272w,k55272w,donna,donna-mocassini,Mocassino,cocoa,69.93,99.9
Mocassino donna in pelle rosa antico k59029w,k59029w,donna,donna-mocassini,Mocassino,antico,104.93,149.9
Mocassino donna in pelle verde sottobosco l5251w,l5251w,donna,donna-mocassini,Mocassino,sottobosco,111.93,159.9
Mocassino donna in tessuto beige r25075w,r25075w,donna,donna-mocassini,Mocassino,beige,108.5,155.0
Mocassino donna in tessuto beige r25076,r25076,donna,donna-mocassini,Mocassino,beige,115.5,165.0
Mocassino donna in tessuto nero r25075w,r25075w,donna,donna-mocassini,Mocassino,nero,108.5,155.0
Mocassino donna in tessuto nero r25076,r25076,donna,donna-mocassini,Mocassino,nero,115.5,165.0
Mocassino donna in vernice blu notte r35511w,r35511w,donna,donna-mocassini,Mocassino,notte,104.93,149.9
Mocassino donna in vernice bordo 055001,055001,donna,donna-mocassini,Mocassino,bordo,69.93,99.9
Mocassino donna in vernice bordo r35511w,r35511w,donna,donna-mocassini,Mocassino,bordo,104.93,149.9
Mocassino donna in vernice brick v5727,v5727,donna,donna-mocassini,Mocassino,brick,115.5,165.0
Mocassino donna in vernice e camoscio marrone k55239w,k55239w,donna,donna-mocassini,Mocassino,marrone,62.93,89.9
Mocassino donna in vernice e camoscio marrone k91623w,k91623w,donna,donna-mocassini,Mocassino,marrone,87.5,125.0
Mocassino donna in vernice e camoscio nero k91623w,k91623w,donna,donna-mocassini,Mocassino,nero,87.5,125.0
Mocassino donna in vernice e camoscio nero r35735w,r35735w,donna,donna-mocassini,Mocassino,nero,108.5,155.0
Mocassino donna in vernice e pelle nero r35735w,r35735w,donna,donna-mocassini,Mocassino,nero,108.5,155.0
Mocassino donna in vernice harrods moro v5722w,v5722w,donna,donna-mocassini,Mocassino,moro,108.5,155.0
Mocassino donna in vernice nero 055001,055001,donna,donna-mocassini,Mocassino,nero,69.93,99.9
Mocassino donna in vernice nero k53003,k53003,donna,donna-mocassini,Mocassino,nero,62.3,89.0
Mocassino donna in vernice nero k55272w,k55272w,donna,donna-mocassini,Mocassino,nero,69.93,99.9
Mocassino donna in vernice nero r35511w,r35511w,donna,donna-mocassini,Mocassino,nero,104.93,149.9
Mocassino donna in vernice nero r35738w,r35738w,donna,donna-mocassini,Mocassino,nero,108.5,155.0
Mocassino donna in vernice nero v5722w,v5722w,donna,donna-mocassini,Mocassino,nero,111.93,159.9
Mocassino donna in vernice nero v5727,v5727,donna,donna-mocassini,Mocassino,nero,115.5,165.0
Mocassino donna in vernice nero x5327w,x5327w,donna,donna-mocassini,Mocassino,nero,108.5,155.0
Mocassino donna in vernice sioux bordo r35740w,r35740w,donna,donna-mocassini,Mocassino,bordo,108.5,155.0
Mocassino donna in vernice sioux bordo x5327w,x5327w,donna,donna-mocassini,Mocassino,bordo,108.5,155.0
Mocassino donna in vernice sioux marrone x5327w,x5327w,donna,donna-mocassini,Mocassino,marrone,108.5,155.0
Mocassino donna in vernice sioux moro r35740w,r35740w,donna,donna-mocassini,Mocassino,moro,108.5,155.0
Mocassino donna in vernice sioux nero r35740w,r35740w,donna,donna-mocassini,Mocassino,nero,108.5,155.0
Mocassino donna in vernice sioux nero x5327w,x5327w,donna,donna-mocassini,Mocassino,nero,108.5,155.0
Sneakers mocassino donna in camoscio arancio r20087,r20087,donna,donna-mocassini,Sneakers,arancio,149.9,149.9
Sneakers mocassino donna in pelle latte r20088,r20088,donna,donna-mocassini,Sneakers,latte,159.9,159.9
Melluso Gift Card Virtuale,Gift Card,donna,,,,50.0,50.0
Tronchetto donna in vernice nero r45385,r45385,donna,stivaletti,Tronchetto,nero,129.5,185.0
Tronchetto donna in camoscio nero l5332w,l5332w,donna,stivaletti,Tronchetto,nero,125.93,179.9
Stivaletto donna in camoscio marrone ebano r25651w,r25651w,donna,stivaletti,Stivaletto,ebano,111.93,159.9
Tronchetto donna in camoscio nero l5331w,l5331w,donna,stivaletti,Tronchetto,nero,125.93,179.9
Tronchetto donna in camoscio sigaro l5331w,l5331w,donna,stivaletti,Tronchetto,sigaro,125.93,179.9
Tronchetto donna in camoscio mimetico l5331w,l5331w,donna,stivaletti,Tronchetto,mimetico,125.93,179.9
Tronchetto donna in pelle nero l5332w,l5332w,donna,stivaletti,Tronchetto,nero,132.93,189.9
Tronchetto donna in camoscio verde l5332w,l5332w,donna,stivaletti,Tronchetto,verde,125.93,179.9
Tronchetto donna in pelle cuoio l5336w,l5336w,donna,stivaletti,Tronchetto,cuoio,139.93,199.9
Tronchetto donna in camoscio bordo l5331w,l5331w,donna,stivaletti,Tronchetto,bordo,,
Tronchetto donna in camoscio sigaro l5336w,l5336w,donna,stivaletti,Tronchetto,sigaro,132.93,189.9
Tronchetto donna in camoscio nero l5336w,l5336w,donna,stivaletti,Tronchetto,nero,132.93,189.9
Tronchetto donna in camoscio bordo l5336w,l5336w,donna,stivaletti,Tronchetto,bordo,132.93,189.9
Stivaletto donna in camoscio bordo r25651w,r25651w,donna,stivaletti,Stivaletto,bordo,111.93,159.9
Tronchetto donna in pelle blu navy r35600w,r35600w,donna,stivaletti,Tronchetto,navy,,
Tronchetto donna in pelle nero r35602w,r35602w,donna,stivaletti,Tronchetto,nero,125.93,179.9
Stivaletto donna in camoscio nero r35607w,r35607w,donna,stivaletti,Stivaletto,nero,118.93,169.9
Tronchetto donna in camoscio nero r35600w,r35600w,donna,stivaletti,Tronchetto,nero,118.93,169.9
Tronchetto donna in camoscio marrone r35600w,r35600w,donna,stivaletti,Tronchetto,marrone,118.93,169.9
Tronchetto donna in camoscio marrone r35600w,r35600w,donna,stivaletti,Tronchetto,marrone,118.93,169.9
Tronchetto donna in pelle marrone r35602w,r35602w,donna,stivaletti,Tronchetto,marrone,125.93,179.9
Stivaletto donna in camoscio marrone r35607w,r35607w,donna,stivaletti,Stivaletto,marrone,118.93,169.9
Tronchetto donna in pelle nero z246w,z246w,donna,stivaletti,Tronchetto,nero,125.93,179.9
Tronchetto donna in pelle marrone z246w,z246w,donna,stivaletti,Tronchetto,marrone,125.93,179.9
Tronchetto donna in pelle bordo z246w,z246w,donna,stivaletti,Tronchetto,bordo,125.93,179.9
Stivaletto donna in pelle bordo z240w,z240w,donna,stivaletti,Stivaletto,bordo,132.93,189.9
Stivaletto donna in camoscio marrone k55236w,k55236w,donna,stivaletti,Stivaletto,marrone,76.93,109.9
Stivaletto donna in pelle bordo k55236w,k55236w,donna,stivaletti,Stivaletto,bordo,76.93,109.9
Tronchetto donna in pelle nero r35600w,r35600w,donna,stivaletti,Tronchetto,nero,118.93,169.9
Stivaletto donna in pelle nero 055006,055006,donna,stivaletti,Stivaletto,nero,83.93,119.9
Tronchetto donna in camoscio nero 018869w,018869w,donna,stivaletti,Tronchetto,nero,90.93,129.9
Stivaletto donna in pelle nero k36013w,k36013w,donna,stivaletti,Stivaletto,nero,104.93,149.9
Stivaletto donna in pelle marrone k37108w,k37108w,donna,stivaletti,Stivaletto,marrone,118.93,169.9
Stivaletto donna in pelle marrone z240w,z240w,donna,stivaletti,Stivaletto,marrone,132.93,189.9
Stivaletto donna in camoscio nero z240w,z240w,donna,stivaletti,Stivaletto,nero,132.93,189.9
Stivaletto donna in pelle bordo z240w,z240w,donna,stivaletti,Stivaletto,bordo,132.93,189.9
Stivaletto donna in pelle marrone z250w,z250w,donna,stivaletti,Stivaletto,marrone,125.93,179.9
Stivaletto donna in pelle moro z420w,z420w,donna,stivaletti,Stivaletto,moro,122.5,175.0
Stivaletto donna in pelle nero z968w,z968w,donna,stivaletti,Stivaletto,nero,143.5,205.0
Stivaletto donna in camoscio sigaro r25651w,r25651w,donna,stivaletti,Stivaletto,sigaro,111.93,159.9
Stivaletto donna in camoscio e pelle beige sella k55274w,k55274w,donna,stivaletti,Stivaletto,sella,76.93,109.9
Tronchetto donna in pelle bordo r35600w,r35600w,donna,stivaletti,Tronchetto,bordo,118.93,169.9
Stivaletto donna in pelle nero v5732w,v5732w,donna,stivaletti,Stivaletto,nero,132.93,189.9
Stivaletto donna in pelle nero z420w,z420w,donna,stivaletti,Stivaletto,nero,122.5,175.0
Stivaletto donna in camoscio e pelle beige taope k55274w,k55274w,donna,stivaletti,Stivaletto,taope,76.93,109.9
Tronchetto donna in camoscio verde 018869w,018869w,donna,stivaletti,Tronchetto,verde,90.93,129.9
Stivaletto donna in pelle nero z240w,z240w,donna,stivaletti,Stivaletto,nero,132.93,189.9
Stivaletto donna in pelle nero 034325w,034325w,donna,stivaletti,Stivaletto,nero,111.93,159.9
Tronchetto donna in pelle camoscio sigaro 018869w,018869w,donna,stivaletti,Tronchetto,sigaro,90.93,129.9
Stivaletto donna in camoscio taope k36051,k36051,donna,stivaletti,Stivaletto,taope,83.93,119.9
Stivaletto donna in pelle blu navy z250w,z250w,donna,stivaletti,Stivaletto,navy,125.93,179.9
Stivaletto donna in pelle rubino z968w,z968w,donna,stivaletti,Stivaletto,rubino,143.5,205.0
Tronchetto donna in camoscio nero z247w,z247w,donna,stivaletti,Tronchetto,nero,118.93,169.9
Tronchetto donna in pelle nero l5331w,l5331w,donna,stivaletti,Tronchetto,nero,136.5,195.0
Stivaletto donna in pelle bordo k91851w,k91851w,donna,stivaletti,Stivaletto,bordo,104.93,149.9
Stivaletto donna in camoscio grigio k55237w,k55237w,donna,stivaletti,Stivaletto,grigio,76.93,109.9
Stivaletto donna in camoscio e pelle nero k55274w,k55274w,donna,stivaletti,Stivaletto,nero,76.93,109.9
Stivaletto donna in pelle nero k53006,k53006,donna,stivaletti,Stivaletto,nero,76.3,109.0
Tronchetto donna in tessuto nero r25628w,r25628w,donna,stivaletti,Tronchetto,nero,108.5,155.0
Stivaletto donna in camoscio beige acero z968w,z968w,donna,stivaletti,Stivaletto,acero,143.5,205.0
Stivaletto donna in pelle nero r25651w,r25651w,donna,stivaletti,Stivaletto,nero,118.93,169.9
Stivaletto donna in pelle nero r35607w,r35607w,donna,stivaletti,Stivaletto,nero,118.93,169.9
Stivaletto donna in camoscio nero k55237w,k55237w,donna,stivaletti,Stivaletto,nero,76.93,109.9
Stivaletto donna in pelle marrone 034345,034345,donna,stivaletti,Stivaletto,marrone,104.93,149.9
Stivaletto donna in pelle marrone 055006,055006,donna,stivaletti,Stivaletto,marrone,83.93,119.9
Stivaletto donna in pelle nero z250w,z250w,donna,stivaletti,Stivaletto,nero,125.93,179.9
Tronchetto donna in pelle marrone r35600w,r35600w,donna,stivaletti,Tronchetto,marrone,118.93,169.9
Tronchetto donna in camoscio sigaro l5332w,l5332w,donna,stivaletti,Tronchetto,sigaro,125.93,179.9
Stivaletto donna in pelle nero k91851w,k91851w,donna,stivaletti,Stivaletto,nero,104.93,149.9
Tronchetto donna in camoscio sigaro z247w,z247w,donna,stivaletti,Tronchetto,sigaro,118.93,169.9
Tronchetto donna in pelle nero r45385,r45385,donna,stivaletti,Tronchetto,nero,129.5,185.0
Stivaletto donna in camoscio nero r25651w,r25651w,donna,stivaletti,Stivaletto,nero,111.93,159.9
Stivaletto donna in pelle marrone k36052,k36052,donna,stivaletti,Stivaletto,marrone,90.93,129.9
Tronchetto donna in pelle pelle nero 018869w,018869w,donna,stivaletti,Tronchetto,nero,97.93,139.9
Stivaletto donna in pelle moro 034304w,034304w,donna,stivaletti,Stivaletto,moro,104.93,149.9
Stivaletto donna in camoscio nero z972w,z972w,donna,stivaletti,Stivaletto,nero,139.93,199.9
Stivaletto donna in tessuto elastico nero z985,z985,donna,stivaletti,Stivaletto,nero,129.5,185.0
Stivaletto donna in pelle nero 034345,034345,donna,stivaletti,Stivaletto,nero,104.93,149.9
Stivaletto donna in camoscio topo r25651w,r25651w,donna,stivaletti,Stivaletto,topo,111.93,159.9
Stivaletto donna in pelle marrone 034304w,034304w,donna,stivaletti,Stivaletto,marrone,104.93,149.9
Stivaletto donna in pelle marrone 034325w,034325w,donna,stivaletti,Stivaletto,marrone,111.93,159.9
Stivaletto donna in pelle  nero k55236w,k55236w,donna,stivaletti,Stivaletto,nero,76.93,109.9
Stivaletto donna in camoscio nero e grigio k55236w,k55236w,donna,stivaletti,Stivaletto,grigio,76.93,109.9
Stivaletto donna in pelle nero k36052,k36052,donna,stivaletti,Stivaletto,nero,90.93,129.9
Stivaletto donna in pelle nero 034304w,034304w,donna,stivaletti,Stivaletto,nero,104.93,149.9
Stivaletto donna in pelle nero 034324w,034324w,donna,stivaletti,Stivaletto,nero,111.93,159.9
Melluso Gift Card Virtuale,Gift Card,donna,,,,50.0,50.0
Stivale donna in camoscio marrone z244w,z244w,donna,melluso-donna-stivali-html,Stivale,marrone,153.93,219.9
Stivale donna in pelle nero k91854w,k91854w,donna,melluso-donna-stivali-html,Stivale,nero,118.93,169.9
Stivale donna in pelle nero 034305w,034305w,donna,melluso-donna-stivali-html,Stivale,nero,125.93,179.9
Stivale donna in pelle marrone z244w,z244w,donna,melluso-donna-stivali-html,Stivale,marrone,153.93,219.9
Stivale donna in pelle marrone k36014w,k36014w,donna,melluso-donna-stivali-html,Stivale,marrone,111.93,159.9
Stivale donna in pelle nero k37107w,k37107w,donna,melluso-donna-stivali-html,Stivale,nero,125.93,179.9
Stivale donna in pelle nero z244w,z244w,donna,melluso-donna-stivali-html,Stivale,nero,153.93,219.9
Stivale donna in camoscio nero z244w,z244w,donna,melluso-donna-stivali-html,Stivale,nero,153.93,219.9
Stivale donna in pelle nero k36014w,k36014w,donna,melluso-donna-stivali-html,Stivale,nero,111.93,159.9
Stivale donna in similpelle camoscio elasticizzato nero z410d,z410d,donna,melluso-donna-stivali-html,Stivale,nero,139.93,199.9
Stivale donna in pelle nero elasticizzato r35606w,r35606w,donna,melluso-donna-stivali-html,Stivale,elasticizzato,139.93,199.9
Stivale donna in pelle e similpelle elasticizzato nero z410w,z410w,donna,melluso-donna-stivali-html,Stivale,nero,139.93,199.9
Stivale donna in pelle nero k55443,k55443,donna,melluso-donna-stivali-html,Stivale,nero,72.74,129.9
Stivale donna in pelle marrone 034305w,034305w,donna,melluso-donna-stivali-html,Stivale,marrone,125.93,179.9
Stivale donna in pelle marrone k37107w,k37107w,donna,melluso-donna-stivali-html,Stivale,marrone,125.93,179.9
Dècolletè donna comodo in pelle blu abyss r30611z,r30611z,donna,tacchi-comodi,Dècolletè,abyss,125.0,125.0
Dècolletè donna comodo in pelle nero r30611z,r30611z,donna,tacchi-comodi,Dècolletè,nero,125.0,125.0
Dècolletè donna comodo in pelle nude r30611z,r30611z,donna,tacchi-comodi,Dècolletè,nude,125.0,125.0
Dècolletè donna in pelle blu navy k59026w,k59026w,donna,tacchi-comodi,Dècolletè,navy,104.93,149.9
Dècolletè donna in pelle nero k59026w,k59026w,donna,tacchi-comodi,Dècolletè,nero,104.93,149.9
Décolleté donna  in camoscio blu navy x5100w,x5100w,donna,tacchi-comodi,Décolleté,navy,101.5,145.0
Décolleté donna  in camoscio marrone x5100w,x5100w,donna,tacchi-comodi,Décolleté,marrone,101.5,145.0
Décolleté donna in camoscio blu abyss d110z,d110z,donna,tacchi-comodi,Décolleté,abyss,129.9,129.9
Décolleté donna in camoscio blu navy x5318w,x5318w,donna,tacchi-comodi,Décolleté,navy,108.5,155.0
Décolleté donna in camoscio blu notte d116z,d116z,donna,tacchi-comodi,Décolleté,notte,90.93,129.9
Décolleté donna in camoscio blu notte d5096w,d5096w,donna,tacchi-comodi,Décolleté,notte,81.84,129.9
Décolleté donna in camoscio bordo d5096w,d5096w,donna,tacchi-comodi,Décolleté,bordo,90.93,129.9
Décolleté donna in camoscio bordo x5318w,x5318w,donna,tacchi-comodi,Décolleté,bordo,108.5,155.0
Décolleté donna in camoscio fondotinta d110z,d110z,donna,tacchi-comodi,Décolleté,fondotinta,129.9,129.9
Décolleté donna in camoscio nero d5096w,d5096w,donna,tacchi-comodi,Décolleté,nero,81.84,129.9
Décolleté donna in camoscio nero d5173w,d5173w,donna,tacchi-comodi,Décolleté,nero,97.93,139.9
Décolleté donna in camoscio nero x5318w,x5318w,donna,tacchi-comodi,Décolleté,nero,108.5,155.0
Décolleté donna in camoscio rovere d5096w,d5096w,donna,tacchi-comodi,Décolleté,rovere,81.84,129.9
Décolleté donna in camoscio viola d5186w,d5186w,donna,tacchi-comodi,Décolleté,viola,149.9,149.9
Décolleté donna in harrods viola d5186w,d5186w,donna,tacchi-comodi,Décolleté,viola,149.9,149.9
Décolleté donna in pelle abyss d110z,d110z,donna,tacchi-comodi,Décolleté,abyss,129.9,129.9
Décolleté donna in pelle acero d5096w,d5096w,donna,tacchi-comodi,Décolleté,acero,90.93,129.9
Décolleté donna in pelle beige kiss d179z,d179z,donna,tacchi-comodi,Décolleté,kiss,139.9,139.9
Décolleté donna in pelle blu navy d5096w,d5096w,donna,tacchi-comodi,Décolleté,navy,81.84,129.9
Décolleté donna in pelle blu notte d100z,d100z,donna,tacchi-comodi,Décolleté,notte,129.9,129.9
Décolleté donna in pelle blu notte d5173w,d5173w,donna,tacchi-comodi,Décolleté,notte,97.93,139.9
Décolleté donna in pelle bordo k55233w,k55233w,donna,tacchi-comodi,Décolleté,bordo,62.93,89.9
Décolleté donna in pelle cipria d5186w,d5186w,donna,tacchi-comodi,Décolleté,cipria,149.9,149.9
Décolleté donna in pelle marrone x5318w,x5318w,donna,tacchi-comodi,Décolleté,marrone,108.5,155.0
Décolleté donna in pelle milk v5342,v5342,donna,tacchi-comodi,Décolleté,milk,104.93,149.9
Décolleté donna in pelle moro r35108w,r35108w,donna,tacchi-comodi,Décolleté,moro,104.93,149.9
Décolleté donna in pelle nero 055004,055004,donna,tacchi-comodi,Décolleté,nero,69.93,99.9
Décolleté donna in pelle nero d100z,d100z,donna,tacchi-comodi,Décolleté,nero,129.9,129.9
Décolleté donna in pelle nero d5096w,d5096w,donna,tacchi-comodi,Décolleté,nero,81.84,129.9
Décolleté donna in pelle nero k55233w,k55233w,donna,tacchi-comodi,Décolleté,nero,62.93,89.9
Décolleté donna in pelle nero r35108w,r35108w,donna,tacchi-comodi,Décolleté,nero,104.93,149.9
Décolleté donna in pelle nero v5342,v5342,donna,tacchi-comodi,Décolleté,nero,104.93,149.9
Décolleté donna in pelle nero x5318w,x5318w,donna,tacchi-comodi,Décolleté,nero,108.5,155.0
Décolleté donna in pelle nude e1301z,e1301z,donna,tacchi-comodi,Décolleté,nude,139.9,139.9
Décolleté donna in pelle rosa onion d5173w,d5173w,donna,tacchi-comodi,Décolleté,onion,97.93,139.9
Décolleté donna in tessuto argento e1301z,e1301z,donna,tacchi-comodi,Décolleté,argento,139.9,139.9
Décolleté donna in tessuto blu notte e1301z,e1301z,donna,tacchi-comodi,Décolleté,notte,139.9,139.9
Décolleté donna in tessuto platino e1301z,e1301z,donna,tacchi-comodi,Décolleté,platino,139.9,139.9
Décolleté donna in vernice blu notte d5096w,d5096w,donna,tacchi-comodi,Décolleté,notte,97.93,139.9
Décolleté donna in vernice e camoscio marrone k91616w,k91616w,donna,tacchi-comodi,Décolleté,marrone,83.93,119.9
Décolleté donna slingback in pelle argento d166z,d166z,donna,tacchi-comodi,Décolleté,argento,139.9,139.9
Décolleté donna slingback in pelle bianco d166z,d166z,donna,tacchi-comodi,Décolleté,bianco,149.9,149.9
Décolleté donna slingback in pelle bianco milk d179z,d179z,donna,tacchi-comodi,Décolleté,milk,139.9,139.9
Décolleté donna slingback in pelle carne d166z,d166z,donna,tacchi-comodi,Décolleté,carne,149.9,149.9
Décolleté donna slingback in pelle fondotinta d166z,d166z,donna,tacchi-comodi,Décolleté,fondotinta,139.9,139.9
Décolleté donna slingback in pelle nappetta blu abyss d166z,d166z,donna,tacchi-comodi,Décolleté,abyss,139.9,139.9
Décolleté donna slingback in pelle nappetta nero d166z,d166z,donna,tacchi-comodi,Décolleté,nero,139.9,139.9
Décolleté donna slingback in pelle nero d179z,d179z,donna,tacchi-comodi,Décolleté,nero,139.9,139.9
Décolleté donna slingback in pelle nude d179z,d179z,donna,tacchi-comodi,Décolleté,nude,139.9,139.9
Décolleté donna slingback in pelle platino d166z,d166z,donna,tacchi-comodi,Décolleté,platino,139.9,139.9
Décolleté donna slingback in pelle verlux nero d166z,d166z,donna,tacchi-comodi,Décolleté,nero,149.9,149.9
Décolleté donna slingback in pelle wash abyss d166z,d166z,donna,tacchi-comodi,Décolleté,abyss,139.9,139.9
Décolleté donna slingback in tessuto galassia argento d180z,d180z,donna,tacchi-comodi,Décolleté,argento,139.9,139.9
Décolleté donna slingback in tessuto galassia platino d180z,d180z,donna,tacchi-comodi,Décolleté,platino,139.9,139.9
Décolleté donna slingback in tessuto rafia v311,v311,donna,tacchi-comodi,Décolleté,rafia,149.9,149.9
Décolleté slingback donna in pelle nero e1301z,e1301z,donna,tacchi-comodi,Décolleté,nero,139.9,139.9
Mocassino allacciato donna in pelle  nero r35503w,r35503w,donna,tacchi-comodi,Mocassino,nero,104.93,149.9
Mocassino allacciato donna in vernice nero r35503w,r35503w,donna,tacchi-comodi,Mocassino,nero,104.93,149.9
Mocassino donna allacciato derby in pelle cuoio 034316w,034316w,donna,tacchi-comodi,Mocassino,cuoio,97.93,139.9
Mocassino donna allacciato derby in pelle marrone 034316w,034316w,donna,tacchi-comodi,Mocassino,marrone,97.93,139.9
Mocassino donna allacciato derby in pelle nero 034316w,034316w,donna,tacchi-comodi,Mocassino,nero,97.93,139.9
Mocassino donna in camoscio blu navy r35512w,r35512w,donna,tacchi-comodi,Mocassino,navy,101.5,145.0
Mocassino donna in camoscio blu navy r35738w,r35738w,donna,tacchi-comodi,Mocassino,navy,108.5,155.0
Mocassino donna in camoscio blu notte x5320w,x5320w,donna,tacchi-comodi,Mocassino,notte,108.5,155.0
Mocassino donna in camoscio bordo x5320w,x5320w,donna,tacchi-comodi,Mocassino,bordo,108.5,155.0
Mocassino donna in camoscio caramello r45383,r45383,donna,tacchi-comodi,Mocassino,caramello,108.5,155.0
Mocassino donna in camoscio grigio x5320w,x5320w,donna,tacchi-comodi,Mocassino,grigio,108.5,155.0
Mocassino donna in camoscio marrone r35738w,r35738w,donna,tacchi-comodi,Mocassino,marrone,108.5,155.0
Mocassino donna in camoscio marrone r35740w,r35740w,donna,tacchi-comodi,Mocassino,marrone,108.5,155.0
Mocassino donna in camoscio nero r35738w,r35738w,donna,tacchi-comodi,Mocassino,nero,108.5,155.0
Mocassino donna in camoscio nero x5320w,x5320w,donna,tacchi-comodi,Mocassino,nero,108.5,155.0
Mocassino donna in camoscio nero x5345,x5345,donna,tacchi-comodi,Mocassino,nero,108.5,155.0
Mocassino donna in camoscio rovere r35727w,r35727w,donna,tacchi-comodi,Mocassino,rovere,108.5,155.0
Mocassino donna in camoscio rovere r35727w,r35727w,donna,tacchi-comodi,Mocassino,rovere,108.5,155.0
Mocassino donna in camoscio sigaro r35512w,r35512w,donna,tacchi-comodi,Mocassino,sigaro,101.5,145.0
Mocassino donna in camoscio verde r45383,r45383,donna,tacchi-comodi,Mocassino,verde,108.5,155.0
Mocassino donna in pelle bordo k55234w,k55234w,donna,tacchi-comodi,Mocassino,bordo,62.93,89.9
Mocassino donna in pelle bordo k59029w,k59029w,donna,tacchi-comodi,Mocassino,bordo,104.93,149.9
Mocassino donna in pelle bordo k91615w,k91615w,donna,tacchi-comodi,Mocassino,bordo,83.93,119.9
Mocassino donna in pelle bordo r25072w,r25072w,donna,tacchi-comodi,Mocassino,bordo,115.5,165.0
Mocassino donna in pelle camoscio blu navy k55272w,k55272w,donna,tacchi-comodi,Mocassino,navy,69.93,99.9
Mocassino donna in pelle caramello r25077,r25077,donna,tacchi-comodi,Mocassino,caramello,108.5,155.0
Mocassino donna in pelle cuoio 034327,034327,donna,tacchi-comodi,Mocassino,cuoio,90.93,129.9
Mocassino donna in pelle cuoio 034340,034340,donna,tacchi-comodi,Mocassino,cuoio,97.93,139.9
Mocassino donna in pelle marmo 034340,034340,donna,tacchi-comodi,Mocassino,marmo,97.93,139.9
Mocassino donna in pelle marrone 055000,055000,donna,tacchi-comodi,Mocassino,marrone,69.93,99.9
Mocassino donna in pelle marrone k36027w,k36027w,donna,tacchi-comodi,Mocassino,marrone,97.93,139.9
Mocassino donna in pelle marrone r35109w,r35109w,donna,tacchi-comodi,Mocassino,marrone,104.93,149.9
Mocassino donna in pelle marrone r35511w,r35511w,donna,tacchi-comodi,Mocassino,marrone,101.5,145.0
Mocassino donna in pelle nero 034327,034327,donna,tacchi-comodi,Mocassino,nero,90.93,129.9
Mocassino donna in pelle nero 034327,034327,donna,tacchi-comodi,Mocassino,nero,104.93,149.9
Mocassino donna in pelle nero 034340,034340,donna,tacchi-comodi,Mocassino,nero,97.93,139.9
Mocassino donna in pelle nero 034348,034348,donna,tacchi-comodi,Mocassino,nero,97.93,139.9
Mocassino donna in pelle nero 055000,055000,donna,tacchi-comodi,Mocassino,nero,69.93,99.9
Mocassino donna in pelle nero k36027w,k36027w,donna,tacchi-comodi,Mocassino,nero,97.93,139.9
Mocassino donna in pelle nero k55234w,k55234w,donna,tacchi-comodi,Mocassino,nero,62.93,89.9
Mocassino donna in pelle nero k59029w,k59029w,donna,tacchi-comodi,Mocassino,nero,104.93,149.9
Mocassino donna in pelle nero r25072w,r25072w,donna,tacchi-comodi,Mocassino,nero,115.5,165.0
Mocassino donna in pelle nero r25077,r25077,donna,tacchi-comodi,Mocassino,nero,108.5,155.0
Mocassino donna in pelle nero r35109w,r35109w,donna,tacchi-comodi,Mocassino,nero,104.93,149.9
Mocassino donna in pelle nero r35511w,r35511w,donna,tacchi-comodi,Mocassino,nero,101.5,145.0
Mocassino donna in pelle nero r35740w,r35740w,donna,tacchi-comodi,Mocassino,nero,108.5,155.0
Mocassino donna in pelle nero v5203,v5203,donna,tacchi-comodi,Mocassino,nero,108.5,155.0
Mocassino donna in pelle nero x5320w,x5320w,donna,tacchi-comodi,Mocassino,nero,108.5,155.0
Mocassino donna in pelle nero x5327w,x5327w,donna,tacchi-comodi,Mocassino,nero,,
Mocassino donna in pelle pelle cocoa k55272w,k55272w,donna,tacchi-comodi,Mocassino,cocoa,69.93,99.9
Mocassino donna in pelle rosa antico k59029w,k59029w,donna,tacchi-comodi,Mocassino,antico,104.93,149.9
Mocassino donna in tessuto beige r25075w,r25075w,donna,tacchi-comodi,Mocassino,beige,108.5,155.0
Mocassino donna in tessuto beige r25076,r25076,donna,tacchi-comodi,Mocassino,beige,115.5,165.0
Mocassino donna in tessuto nero r25075w,r25075w,donna,tacchi-comodi,Mocassino,nero,108.5,155.0
Mocassino donna in tessuto nero r25076,r25076,donna,tacchi-comodi,Mocassino,nero,115.5,165.0
Mocassino donna in vernice blu notte r35511w,r35511w,donna,tacchi-comodi,Mocassino,notte,104.93,149.9
Mocassino donna in vernice bordo 055001,055001,donna,tacchi-comodi,Mocassino,bordo,69.93,99.9
Mocassino donna in vernice bordo r35511w,r35511w,donna,tacchi-comodi,Mocassino,bordo,104.93,149.9
Mocassino donna in vernice e camoscio marrone k55239w,k55239w,donna,tacchi-comodi,Mocassino,marrone,62.93,89.9
Mocassino donna in vernice e camoscio nero k91623w,k91623w,donna,tacchi-comodi,Mocassino,nero,87.5,125.0
Mocassino donna in vernice e camoscio nero r35735w,r35735w,donna,tacchi-comodi,Mocassino,nero,108.5,155.0
Mocassino donna in vernice e pelle nero r35735w,r35735w,donna,tacchi-comodi,Mocassino,nero,108.5,155.0
Mocassino donna in vernice nero 055001,055001,donna,tacchi-comodi,Mocassino,nero,69.93,99.9
Mocassino donna in vernice nero k55272w,k55272w,donna,tacchi-comodi,Mocassino,nero,69.93,99.9
Mocassino donna in vernice nero r35511w,r35511w,donna,tacchi-comodi,Mocassino,nero,104.93,149.9
Mocassino donna in vernice nero r35738w,r35738w,donna,tacchi-comodi,Mocassino,nero,108.5,155.0
Mocassino donna in vernice nero x5327w,x5327w,donna,tacchi-comodi,Mocassino,nero,108.5,155.0
Mocassino donna in vernice sioux bordo r35740w,r35740w,donna,tacchi-comodi,Mocassino,bordo,108.5,155.0
Mocassino donna in vernice sioux bordo x5327w,x5327w,donna,tacchi-comodi,Mocassino,bordo,108.5,155.0
Mocassino donna in vernice sioux marrone x5327w,x5327w,donna,tacchi-comodi,Mocassino,marrone,108.5,155.0
Mocassino donna in vernice sioux moro r35740w,r35740w,donna,tacchi-comodi,Mocassino,moro,108.5,155.0
Mocassino donna in vernice sioux nero r35740w,r35740w,donna,tacchi-comodi,Mocassino,nero,108.5,155.0
Mocassino donna in vernice sioux nero x5327w,x5327w,donna,tacchi-comodi,Mocassino,nero,108.5,155.0
Mocassino uomo derby allacciato in pelle nero u15477w,u15477w,donna,tacchi-comodi,Mocassino,nero,90.93,129.9
Mocassino uomo derby allacciato in pelle rossiccio u15477w,u15477w,donna,tacchi-comodi,Mocassino,rossiccio,90.93,129.9
Mocassino uomo in pelle nero u55358,u55358,donna,tacchi-comodi,Mocassino,nero,69.93,99.9
Mocassino uomo in pelle nero u56027,u56027,donna,tacchi-comodi,Mocassino,nero,97.93,139.9
Pantofola donna in ecopelle bordo pd406w,pd406w,donna,tacchi-comodi,Pantofola,bordo,27.93,39.9
Pantofola donna in pelle blu pd900w,pd900w,donna,tacchi-comodi,Pantofola,blu,41.93,59.9
Pantofola donna in pelle castoro pd900w,pd900w,donna,tacchi-comodi,Pantofola,castoro,41.93,59.9
Pantofola donna in pelle nero pd900w,pd900w,donna,tacchi-comodi,Pantofola,nero,41.93,59.9
Pantofola donna in tessuto beige pd804w,pd804w,donna,tacchi-comodi,Pantofola,beige,34.93,49.9
Pantofola donna in tessuto blu  pd902w,pd902w,donna,tacchi-comodi,Pantofola,,34.93,49.9
Pantofola donna in tessuto blu pd306w,pd306w,donna,tacchi-comodi,Pantofola,blu,34.93,49.9
Pantofola donna in tessuto blu pd407w,pd407w,donna,tacchi-comodi,Pantofola,blu,27.93,39.9
Pantofola donna in tessuto blu pd827w,pd827w,donna,tacchi-comodi,Pantofola,blu,34.93,49.9
Pantofola donna in tessuto blu q61058w,q61058w,donna,tacchi-comodi,Pantofola,blu,41.93,59.9
Pantofola donna in tessuto bordo pd407w,pd407w,donna,tacchi-comodi,Pantofola,bordo,27.93,39.9
Pantofola donna in tessuto grigio pd306w,pd306w,donna,tacchi-comodi,Pantofola,grigio,34.93,49.9
Pantofola donna in tessuto grigio pd800w,pd800w,donna,tacchi-comodi,Pantofola,grigio,34.93,49.9
Pantofola donna in tessuto multi blu pd904w,pd904w,donna,tacchi-comodi,Pantofola,blu,38.5,55.0
Pantofola donna in tessuto multi taope pd904w,pd904w,donna,tacchi-comodi,Pantofola,taope,38.5,55.0
Pantofola donna in tessuto nero pd823w,pd823w,donna,tacchi-comodi,Pantofola,nero,31.5,45.0
Pantofola donna in tessuto riciclato beige pd836,pd836,donna,tacchi-comodi,Pantofola,beige,34.93,49.9
Pantofola donna in tessuto riciclato blu pd836,pd836,donna,tacchi-comodi,Pantofola,blu,34.93,49.9
Pantofola donna in tessuto riciclato grigio pd836,pd836,donna,tacchi-comodi,Pantofola,grigio,34.93,49.9
Pantofola donna in tessuto rosso pd823w,pd823w,donna,tacchi-comodi,Pantofola,rosso,31.5,45.0
Pantofola donna in tessuto rosso pd827w,pd827w,donna,tacchi-comodi,Pantofola,rosso,34.93,49.9
Pantofola donna in tessuto rosso pd902w,pd902w,donna,tacchi-comodi,Pantofola,rosso,34.93,49.9
Sandalo donna comodo in pelle nero n622z,n622z,donna,tacchi-comodi,Sandalo,nero,139.9,139.9
Sandalo donna comodo in pelle nude n622z,n622z,donna,tacchi-comodi,Sandalo,nude,139.9,139.9
Sandalo donna in pelle wash platino s641,s641,donna,tacchi-comodi,Sandalo,platino,149.9,149.9
Scarpa uomo stringata in pelle moro u0563w,u0563w,donna,tacchi-comodi,Scarpa,moro,145.0,145.0
Scarpa uomo stringata in pelle nero u0563w,u0563w,donna,tacchi-comodi,Scarpa,nero,145.0,145.0
Sneakers donna in camoscio blu navy r25625w,r25625w,donna,tacchi-comodi,Sneakers,navy,111.93,159.9
Sneakers donna in camoscio bordo r25656w,r25656w,donna,tacchi-comodi,Sneakers,bordo,108.5,155.0
Sneakers donna in camoscio e pelle beige daino r25731w,r25731w,donna,tacchi-comodi,Sneakers,daino,115.5,165.0
Sneakers donna in camoscio e pelle nero r25731w,r25731w,donna,tacchi-comodi,Sneakers,nero,115.5,165.0
Sneakers donna in camoscio marrone r25653w,r25653w,donna,tacchi-comodi,Sneakers,marrone,108.5,155.0
Sneakers donna in camoscio nero r25625w,r25625w,donna,tacchi-comodi,Sneakers,nero,111.93,159.9
Sneakers donna in camoscio nero r25653w,r25653w,donna,tacchi-comodi,Sneakers,nero,108.5,155.0
Sneakers donna in camoscio nero r25656w,r25656w,donna,tacchi-comodi,Sneakers,nero,108.5,155.0
Sneakers donna in camoscio sigaro k35314,k35314,donna,tacchi-comodi,Sneakers,sigaro,90.93,129.9
Sneakers donna in camoscio topo r25625w,r25625w,donna,tacchi-comodi,Sneakers,topo,111.93,159.9
Sneakers donna in camoscio topo r25634w,r25634w,donna,tacchi-comodi,Sneakers,topo,111.93,159.9
Sneakers donna in camoscio topo r25656w,r25656w,donna,tacchi-comodi,Sneakers,topo,108.5,155.0
Sneakers donna in camoscio verde r25656w,r25656w,donna,tacchi-comodi,Sneakers,verde,108.5,155.0
Sneakers donna in pelle cuoio r25634w,r25634w,donna,tacchi-comodi,Sneakers,cuoio,111.93,159.9
Sneakers donna in pelle e camoscio blu navy r25655w,r25655w,donna,tacchi-comodi,Sneakers,navy,111.93,159.9
Sneakers donna in pelle e camoscio marrone r25655w,r25655w,donna,tacchi-comodi,Sneakers,marrone,111.93,159.9
Sneakers donna in pelle e camoscio nero r25655w,r25655w,donna,tacchi-comodi,Sneakers,nero,111.93,159.9
Sneakers donna in pelle e camoscio topo r25655w,r25655w,donna,tacchi-comodi,Sneakers,topo,111.93,159.9
Sneakers donna in pelle nero k55439,k55439,donna,tacchi-comodi,Sneakers,nero,69.93,99.9
Sneakers donna in pelle nero r25625w,r25625w,donna,tacchi-comodi,Sneakers,nero,111.93,159.9
Sneakers donna in pelle nero r25634w,r25634w,donna,tacchi-comodi,Sneakers,nero,111.93,159.9
Sneakers donna in vernice acero r25656w,r25656w,donna,tacchi-comodi,Sneakers,acero,111.93,159.9
Sneakers donna in vernice e camoscio beige k55441,k55441,donna,tacchi-comodi,Sneakers,beige,69.93,99.9
Sneakers donna in vernice e camoscio bordo r25642w,r25642w,donna,tacchi-comodi,Sneakers,bordo,111.93,159.9
Sneakers donna in vernice e camoscio marrone r25642w,r25642w,donna,tacchi-comodi,Sneakers,marrone,111.93,159.9
Sneakers donna in vernice e camoscio moro r25641w,r25641w,donna,tacchi-comodi,Sneakers,moro,111.93,159.9
Sneakers donna in vernice e camoscio nero k55438,k55438,donna,tacchi-comodi,Sneakers,nero,76.93,109.9
Sneakers donna in vernice e camoscio nero k55441,k55441,donna,tacchi-comodi,Sneakers,nero,69.93,99.9
Sneakers donna in vernice e camoscio nero r25642w,r25642w,donna,tacchi-comodi,Sneakers,nero,111.93,159.9
Sneakers donna in vernice e camoscio taope k55438,k55438,donna,tacchi-comodi,Sneakers,taope,76.93,109.9
Sneakers donna in vernice e pelle nero r25641w,r25641w,donna,tacchi-comodi,Sneakers,nero,111.93,159.9
Sneakers donna in vernice e pelle nero r25643w,r25643w,donna,tacchi-comodi,Sneakers,nero,111.93,159.9
Sneakers donna in vernice nero k35314,k35314,donna,tacchi-comodi,Sneakers,nero,90.93,129.9
Sneakers donna in vernice nero r25625w,r25625w,donna,tacchi-comodi,Sneakers,nero,111.93,159.9
Sneakers uomo in camoscio steppa u16252w,u16252w,donna,tacchi-comodi,Sneakers,steppa,104.93,149.9
Sneakers uomo in camoscio steppa u16253w,u16253w,donna,tacchi-comodi,Sneakers,steppa,108.5,155.0
Sneakers uomo in pelle cannella u16253w,u16253w,donna,tacchi-comodi,Sneakers,cannella,108.5,155.0
Sneakers uomo in pelle marrone u16252w,u16252w,donna,tacchi-comodi,Sneakers,marrone,104.93,149.9
Sneakers uomo in pelle marrone u55351w,u55351w,donna,tacchi-comodi,Sneakers,marrone,69.93,99.9
Sneakers uomo in pelle nero u16252w,u16252w,donna,tacchi-comodi,Sneakers,nero,104.93,149.9
Sneakers uomo in pelle nero u16253w,u16253w,donna,tacchi-comodi,Sneakers,nero,108.5,155.0
Sneakers uomo in pelle nero u55351w,u55351w,donna,tacchi-comodi,Sneakers,nero,69.93,99.9
Stivale donna in pelle marrone k37107w,k37107w,donna,tacchi-comodi,Stivale,marrone,125.93,179.9
Stivale donna in pelle nero elasticizzato r35606w,r35606w,donna,tacchi-comodi,Stivale,elasticizzato,139.93,199.9
Stivale donna in pelle nero k37107w,k37107w,donna,tacchi-comodi,Stivale,nero,125.93,179.9
Stivale donna in pelle nero k91854w,k91854w,donna,tacchi-comodi,Stivale,nero,118.93,169.9
Stivaletto donna in camoscio bordo r25651w,r25651w,donna,tacchi-comodi,Stivaletto,bordo,111.93,159.9
Stivaletto donna in camoscio e pelle beige taope k55274w,k55274w,donna,tacchi-comodi,Stivaletto,taope,76.93,109.9
Stivaletto donna in camoscio e pelle nero k55274w,k55274w,donna,tacchi-comodi,Stivaletto,nero,76.93,109.9
Stivaletto donna in camoscio marrone ebano r25651w,r25651w,donna,tacchi-comodi,Stivaletto,ebano,111.93,159.9
Stivaletto donna in camoscio marrone k55236w,k55236w,donna,tacchi-comodi,Stivaletto,marrone,76.93,109.9
Stivaletto donna in camoscio marrone r35607w,r35607w,donna,tacchi-comodi,Stivaletto,marrone,118.93,169.9
Stivaletto donna in camoscio nero e grigio k55236w,k55236w,donna,tacchi-comodi,Stivaletto,grigio,76.93,109.9
Stivaletto donna in camoscio nero k55237w,k55237w,donna,tacchi-comodi,Stivaletto,nero,76.93,109.9
Stivaletto donna in camoscio nero r25651w,r25651w,donna,tacchi-comodi,Stivaletto,nero,111.93,159.9
Stivaletto donna in camoscio nero r35607w,r35607w,donna,tacchi-comodi,Stivaletto,nero,118.93,169.9
Stivaletto donna in camoscio sigaro r25651w,r25651w,donna,tacchi-comodi,Stivaletto,sigaro,111.93,159.9
Stivaletto donna in camoscio taope k36051,k36051,donna,tacchi-comodi,Stivaletto,taope,83.93,119.9
Stivaletto donna in camoscio topo r25651w,r25651w,donna,tacchi-comodi,Stivaletto,topo,111.93,159.9
Stivaletto donna in pelle bordo k55236w,k55236w,donna,tacchi-comodi,Stivaletto,bordo,76.93,109.9
Stivaletto donna in pelle bordo k91851w,k91851w,donna,tacchi-comodi,Stivaletto,bordo,104.93,149.9
Stivaletto donna in pelle marrone 034304w,034304w,donna,tacchi-comodi,Stivaletto,marrone,104.93,149.9
Stivaletto donna in pelle marrone 034325w,034325w,donna,tacchi-comodi,Stivaletto,marrone,111.93,159.9
Stivaletto donna in pelle marrone 034345,034345,donna,tacchi-comodi,Stivaletto,marrone,104.93,149.9
Stivaletto donna in pelle marrone 055006,055006,donna,tacchi-comodi,Stivaletto,marrone,83.93,119.9
Stivaletto donna in pelle marrone k36052,k36052,donna,tacchi-comodi,Stivaletto,marrone,90.93,129.9
Stivaletto donna in pelle marrone k37108w,k37108w,donna,tacchi-comodi,Stivaletto,marrone,118.93,169.9
Stivaletto donna in pelle moro 034304w,034304w,donna,tacchi-comodi,Stivaletto,moro,104.93,149.9
Stivaletto donna in pelle nero 034304w,034304w,donna,tacchi-comodi,Stivaletto,nero,104.93,149.9
Stivaletto donna in pelle nero 034325w,034325w,donna,tacchi-comodi,Stivaletto,nero,111.93,159.9
Stivaletto donna in pelle nero 034345,034345,donna,tacchi-comodi,Stivaletto,nero,104.93,149.9
Stivaletto donna in pelle nero 055006,055006,donna,tacchi-comodi,Stivaletto,nero,83.93,119.9
Stivaletto donna in pelle nero k36052,k36052,donna,tacchi-comodi,Stivaletto,nero,90.93,129.9
Stivaletto donna in pelle nero k53006,k53006,donna,tacchi-comodi,Stivaletto,nero,76.3,109.0
Stivaletto donna in pelle nero k91851w,k91851w,donna,tacchi-comodi,Stivaletto,nero,104.93,149.9
Stivaletto donna in pelle nero r25651w,r25651w,donna,tacchi-comodi,Stivaletto,nero,118.93,169.9
Stivaletto donna in pelle nero r35607w,r35607w,donna,tacchi-comodi,Stivaletto,nero,118.93,169.9
Stivaletto uomo in camoscio blu u55239w,u55239w,donna,tacchi-comodi,Stivaletto,blu,83.93,119.9
Stivaletto uomo in camoscio taope u55352w,u55352w,donna,tacchi-comodi,Stivaletto,taope,69.93,99.9
Stivaletto uomo in pelle marrone u55249w,u55249w,donna,tacchi-comodi,Stivaletto,marrone,76.93,109.9
Stivaletto uomo in pelle marrone u55261w,u55261w,donna,tacchi-comodi,Stivaletto,marrone,76.93,109.9
Stivaletto uomo in pelle nero allacciato u17125w,u17125w,donna,tacchi-comodi,Stivaletto,allacciato,83.93,119.9
Stivaletto uomo in pelle nero u55261w,u55261w,donna,tacchi-comodi,Stivaletto,nero,76.93,109.9
Stivaletto uomo in pelle nero u55352w,u55352w,donna,tacchi-comodi,Stivaletto,nero,69.93,99.9
Stivaletto uomo in pelle nero u56032,u56032,donna,tacchi-comodi,Stivaletto,nero,104.93,149.9
Tronchetto donna in camoscio marrone r35600w,r35600w,donna,tacchi-comodi,Tronchetto,marrone,118.93,169.9
Tronchetto donna in camoscio marrone r35600w,r35600w,donna,tacchi-comodi,Tronchetto,marrone,118.93,169.9
Tronchetto donna in camoscio nero 018869w,018869w,donna,tacchi-comodi,Tronchetto,nero,90.93,129.9
Tronchetto donna in camoscio nero r35600w,r35600w,donna,tacchi-comodi,Tronchetto,nero,118.93,169.9
Tronchetto donna in camoscio verde 018869w,018869w,donna,tacchi-comodi,Tronchetto,verde,90.93,129.9
Tronchetto donna in pelle blu navy r35600w,r35600w,donna,tacchi-comodi,Tronchetto,navy,,
Tronchetto donna in pelle bordo r35600w,r35600w,donna,tacchi-comodi,Tronchetto,bordo,118.93,169.9
Tronchetto donna in pelle camoscio sigaro 018869w,018869w,donna,tacchi-comodi,Tronchetto,sigaro,90.93,129.9
Tronchetto donna in pelle marrone r35600w,r35600w,donna,tacchi-comodi,Tronchetto,marrone,118.93,169.9
Tronchetto donna in pelle marrone r35602w,r35602w,donna,tacchi-comodi,Tronchetto,marrone,125.93,179.9
Tronchetto donna in pelle nero r35600w,r35600w,donna,tacchi-comodi,Tronchetto,nero,118.93,169.9
Tronchetto donna in pelle nero r35602w,r35602w,donna,tacchi-comodi,Tronchetto,nero,125.93,179.9
Tronchetto donna in pelle nero r45385,r45385,donna,tacchi-comodi,Tronchetto,nero,129.5,185.0
Tronchetto donna in pelle pelle nero 018869w,018869w,donna,tacchi-comodi,Tronchetto,nero,97.93,139.9
Décolleté donna  in pelle blu abyss d160zv,d160zv,donna,tacchi-alti,Décolleté,abyss,149.9,149.9
Décolleté donna  in pelle blu abyss d160zv,d160zv,donna,tacchi-alti,Décolleté,abyss,149.9,149.9
Décolleté donna  in pelle lilla d160zv,d160zv,donna,tacchi-alti,Décolleté,lilla,149.9,149.9
Décolleté donna  in pelle nero d160zv,d160zv,donna,tacchi-alti,Décolleté,nero,149.9,149.9
Décolleté donna  in pelle nude d160w,d160w,donna,tacchi-alti,Décolleté,nude,149.9,149.9
Décolleté donna  in pelle nude d160zv,d160zv,donna,tacchi-alti,Décolleté,nude,149.9,149.9
Décolleté donna  in pelle platino d160w,d160w,donna,tacchi-alti,Décolleté,platino,149.9,149.9
Décolleté donna aperto ai lati in pelle nero e5133,e5133,donna,tacchi-alti,Décolleté,nero,115.5,165.0
Décolleté donna aperto ai lati in tessuto galassia argento e1630zv,e1630zv,donna,tacchi-alti,Décolleté,argento,159.9,159.9
Décolleté donna aperto ai lati in tessuto galassia notte e1630zv,e1630zv,donna,tacchi-alti,Décolleté,notte,159.9,159.9
Décolleté donna aperto ai lati in tessuto galassia phard e1630zv,e1630zv,donna,tacchi-alti,Décolleté,phard,159.9,159.9
Décolleté donna aperto ai lati in tessuto galassia platino e1630zv,e1630zv,donna,tacchi-alti,Décolleté,platino,159.9,159.9
Décolleté donna cinturino incrociato in pelle nero e1631zv,e1631zv,donna,tacchi-alti,Décolleté,nero,159.9,159.9
Décolleté donna cinturino incrociato in tessuto galassia argento e1631zv,e1631zv,donna,tacchi-alti,Décolleté,argento,159.9,159.9
Décolleté donna cinturino incrociato in tessuto galassia platino e1631zv,e1631zv,donna,tacchi-alti,Décolleté,platino,159.9,159.9
Décolleté donna cinturino incrociato in tessuto pelle nude e1631zv,e1631zv,donna,tacchi-alti,Décolleté,nude,159.9,159.9
Décolleté donna cinturino incrociato in tessuto pelle wash platino e1631zv,e1631zv,donna,tacchi-alti,Décolleté,platino,169.9,169.9
Décolleté donna con cinturino in camoscio acero d5126w,d5126w,donna,tacchi-alti,Décolleté,acero,97.93,139.9
Décolleté donna con cinturino in camoscio bordo d5126w,d5126w,donna,tacchi-alti,Décolleté,bordo,97.93,139.9
Décolleté donna con cinturino in camoscio nero d5126w,d5126w,donna,tacchi-alti,Décolleté,nero,97.93,139.9
Décolleté donna con cinturino in camoscio rovere d5126w,d5126w,donna,tacchi-alti,Décolleté,rovere,97.93,139.9
Décolleté donna con cinturino in pelle nero d5126w,d5126w,donna,tacchi-alti,Décolleté,nero,97.93,139.9
Décolleté donna con cinturino in vernice nero d5126w,d5126w,donna,tacchi-alti,Décolleté,nero,104.93,149.9
Décolleté donna con elastico in camoscio nero e5134,e5134,donna,tacchi-alti,Décolleté,nero,115.5,165.0
Décolleté donna in camoscio acero d5176w,d5176w,donna,tacchi-alti,Décolleté,acero,149.9,149.9
Décolleté donna in camoscio acero e5125w,e5125w,donna,tacchi-alti,Décolleté,acero,115.5,165.0
Décolleté donna in camoscio blu notte d5125w,d5125w,donna,tacchi-alti,Décolleté,notte,97.93,139.9
Décolleté donna in camoscio nero d5125w,d5125w,donna,tacchi-alti,Décolleté,nero,97.93,139.9
Décolleté donna in camoscio nero d5176w,d5176w,donna,tacchi-alti,Décolleté,nero,149.9,149.9
Décolleté donna in camoscio nero e5125w,e5125w,donna,tacchi-alti,Décolleté,nero,115.5,165.0
Décolleté donna in camoscio rovere d5125w,d5125w,donna,tacchi-alti,Décolleté,rovere,97.93,139.9
Décolleté donna in camoscio verde e5130w,e5130w,donna,tacchi-alti,Décolleté,verde,115.5,165.0
Décolleté donna in camoscio viola d5175w,d5175w,donna,tacchi-alti,Décolleté,viola,104.93,149.9
Décolleté donna in camoscio viola d5176w,d5176w,donna,tacchi-alti,Décolleté,viola,104.93,149.9
Décolleté donna in camoscio zebra cioccolato d5176w,d5176w,donna,tacchi-alti,Décolleté,cioccolato,111.93,159.9
Décolleté donna in camoscio zebra verde d5176w,d5176w,donna,tacchi-alti,Décolleté,verde,111.93,159.9
Décolleté donna in pelle acero d5176w,d5176w,donna,tacchi-alti,Décolleté,acero,104.93,149.9
Décolleté donna in pelle blu navy d5176w,d5176w,donna,tacchi-alti,Décolleté,navy,149.9,149.9
Décolleté donna in pelle blu notte d5072w,d5072w,donna,tacchi-alti,Décolleté,notte,81.84,129.9
Décolleté donna in pelle blu notte d5125w,d5125w,donna,tacchi-alti,Décolleté,notte,97.93,139.9
Décolleté donna in pelle cipria d5176w,d5176w,donna,tacchi-alti,Décolleté,cipria,149.9,149.9
Décolleté donna in pelle moro d5071w,d5071w,donna,tacchi-alti,Décolleté,moro,81.84,129.9
Décolleté donna in pelle nero d5071w,d5071w,donna,tacchi-alti,Décolleté,nero,81.84,129.9
Décolleté donna in pelle nero d5072w,d5072w,donna,tacchi-alti,Décolleté,nero,81.84,129.9
Décolleté donna in pelle nero d5125w,d5125w,donna,tacchi-alti,Décolleté,nero,97.93,139.9
Décolleté donna in pelle nero d5176w,d5176w,donna,tacchi-alti,Décolleté,nero,149.9,149.9
Décolleté donna in vernice nero d5125w,d5125w,donna,tacchi-alti,Décolleté,nero,104.93,149.9
Décolleté donna in wash tortora d5175w,d5175w,donna,tacchi-alti,Décolleté,tortora,104.93,149.9
Décolleté donna slingback in pelle argento d165z,d165z,donna,tacchi-alti,Décolleté,argento,149.9,149.9
Décolleté donna slingback in pelle bianco e1634zv,e1634zv,donna,tacchi-alti,Décolleté,bianco,159.9,159.9
Décolleté donna slingback in pelle blu abyss d165zv,d165zv,donna,tacchi-alti,Décolleté,abyss,149.9,149.9
Décolleté donna slingback in pelle blu abyss d168zv,d168zv,donna,tacchi-alti,Décolleté,abyss,104.93,149.9
Décolleté donna slingback in pelle blu abyss e1634zv,e1634zv,donna,tacchi-alti,Décolleté,abyss,159.9,159.9
Décolleté donna slingback in pelle blu notte d168zv,d168zv,donna,tacchi-alti,Décolleté,notte,149.9,149.9
Décolleté donna slingback in pelle harrods blu abyss e1634zv,e1634zv,donna,tacchi-alti,Décolleté,abyss,111.93,159.9
Décolleté donna slingback in pelle milk d168zv,d168zv,donna,tacchi-alti,Décolleté,milk,149.9,149.9
Décolleté donna slingback in pelle milk e1634zv,e1634zv,donna,tacchi-alti,Décolleté,milk,159.9,159.9
Décolleté donna slingback in pelle nero d168zv,d168zv,donna,tacchi-alti,Décolleté,nero,149.9,149.9
Décolleté donna slingback in pelle nero e1634zv,e1634zv,donna,tacchi-alti,Décolleté,nero,159.9,159.9
Décolleté donna slingback in pelle nude d168zv,d168zv,donna,tacchi-alti,Décolleté,nude,149.9,149.9
Décolleté donna slingback in pelle nude e1634zv,e1634zv,donna,tacchi-alti,Décolleté,nude,159.9,159.9
Décolleté donna slingback in pelle platino d168zv,d168zv,donna,tacchi-alti,Décolleté,platino,149.9,149.9
Décolleté donna slingback in pelle platino e1634zv,e1634zv,donna,tacchi-alti,Décolleté,platino,169.9,169.9
Décolleté donna slingback in pelle rosa contour d165zv,d165zv,donna,tacchi-alti,Décolleté,contour,104.93,149.9
Décolleté donna slingback in pelle rosa contour e1634zv,e1634zv,donna,tacchi-alti,Décolleté,contour,169.9,169.9
Décolleté donna slingback in pelle rosa glicine e1634zv,e1634zv,donna,tacchi-alti,Décolleté,glicine,118.93,169.9
Décolleté donna slingback in pelle verde acid e1634zv,e1634zv,donna,tacchi-alti,Décolleté,acid,118.93,169.9
Décolleté donna slingback in pelle wash argento e1634zv,e1634zv,donna,tacchi-alti,Décolleté,argento,169.9,169.9
Décolleté donna slingback in pelle wash platino d165z,d165z,donna,tacchi-alti,Décolleté,platino,149.9,149.9
Décolleté donna slingback in pelle wash rame d168zv,d168zv,donna,tacchi-alti,Décolleté,rame,104.93,149.9
Décolleté donna slingback in tessuto argento d165z,d165z,donna,tacchi-alti,Décolleté,argento,149.9,149.9
Décolleté donna slingback in tessuto argento d168zv,d168zv,donna,tacchi-alti,Décolleté,argento,149.9,149.9
Décolleté donna slingback in tessuto argento d188,d188,donna,tacchi-alti,Décolleté,argento,149.9,149.9
Décolleté donna slingback in tessuto azzurro cielo e1634w,e1634w,donna,tacchi-alti,Décolleté,cielo,111.93,159.9
Décolleté donna slingback in tessuto blu notte d165z,d165z,donna,tacchi-alti,Décolleté,notte,149.9,149.9
Décolleté donna slingback in tessuto galassia argento e1634zv,e1634zv,donna,tacchi-alti,Décolleté,argento,159.9,159.9
Décolleté donna slingback in tessuto galassia blu notte d168zv,d168zv,donna,tacchi-alti,Décolleté,notte,149.9,149.9
Décolleté donna slingback in tessuto galassia notte e1634zv,e1634zv,donna,tacchi-alti,Décolleté,notte,159.9,159.9
Décolleté donna slingback in tessuto galassia platino e1634zv,e1634zv,donna,tacchi-alti,Décolleté,platino,159.9,159.9
Décolleté donna slingback in tessuto galassia rosa e1634zv,e1634zv,donna,tacchi-alti,Décolleté,rosa,159.9,159.9
Décolleté donna slingback in tessuto platino d165z,d165z,donna,tacchi-alti,Décolleté,platino,149.9,149.9
Décolleté donna slingback in tessuto platino d168zv,d168zv,donna,tacchi-alti,Décolleté,platino,149.9,149.9
Décolleté donna slingback in tessuto rosa phard d165z,d165z,donna,tacchi-alti,Décolleté,phard,149.9,149.9
Décolleté slingback donna in pelle e nylon nero e1852,e1852,donna,tacchi-alti,Décolleté,nero,159.9,159.9
Melluso Gift Card Virtuale,Gift Card,donna,,,,50.0,50.0
Stivaletto donna in pelle nero z420w,z420w,donna,tacchi-alti,Stivaletto,nero,122.5,175.0
Borsa pochette con tracolla laminato oro bj057,bj057,donna,cerimonia,Borsa,oro,69.9,69.9
Décolleté donna slingback in pelle nude e bianco e1690,e1690,donna,cerimonia,Décolleté,bianco,149.9,149.9
Décolleté donna cinturino incrociato in tessuto galassia platino e1631zv,e1631zv,donna,cerimonia,Décolleté,platino,159.9,159.9
Décolleté donna slingback in tessuto argento d188,d188,donna,cerimonia,Décolleté,argento,149.9,149.9
Borsa pochette con tracolla in pelle nero bj034z,bj034z,donna,cerimonia,Borsa,nero,89.9,89.9
Borsa pochette con tracolla in pelle nero bj036z,bj036z,donna,cerimonia,Borsa,nero,89.9,89.9
Décolleté donna  in pelle platino d160w,d160w,donna,cerimonia,Décolleté,platino,149.9,149.9
Décolleté donna  in pelle blu abyss d160zv,d160zv,donna,cerimonia,Décolleté,abyss,149.9,149.9
Décolleté donna  in pelle lilla d160zv,d160zv,donna,cerimonia,Décolleté,lilla,149.9,149.9
Décolleté donna slingback in tessuto rosa phard d165z,d165z,donna,cerimonia,Décolleté,phard,149.9,149.9
Décolleté donna slingback in pelle wash platino d165z,d165z,donna,cerimonia,Décolleté,platino,149.9,149.9
Décolleté donna slingback in tessuto platino d165z,d165z,donna,cerimonia,Décolleté,platino,149.9,149.9
Décolleté donna slingback in tessuto argento d165z,d165z,donna,cerimonia,Décolleté,argento,149.9,149.9
Décolleté donna slingback in tessuto blu notte d165z,d165z,donna,cerimonia,Décolleté,notte,149.9,149.9
Décolleté donna slingback in pelle rosa contour d165zv,d165zv,donna,cerimonia,Décolleté,contour,104.93,149.9
Décolleté donna slingback in pelle argento d166z,d166z,donna,cerimonia,Décolleté,argento,139.9,139.9
Décolleté donna slingback in pelle fondotinta d166z,d166z,donna,cerimonia,Décolleté,fondotinta,139.9,139.9
Décolleté donna slingback in pelle carne d166z,d166z,donna,cerimonia,Décolleté,carne,149.9,149.9
Décolleté donna slingback in pelle verlux nero d166z,d166z,donna,cerimonia,Décolleté,nero,149.9,149.9
Décolleté donna slingback in pelle bianco d166z,d166z,donna,cerimonia,Décolleté,bianco,149.9,149.9
Décolleté donna slingback in tessuto galassia blu notte d168zv,d168zv,donna,cerimonia,Décolleté,notte,149.9,149.9
Décolleté donna slingback in pelle blu notte d168zv,d168zv,donna,cerimonia,Décolleté,notte,149.9,149.9
Décolleté donna slingback in pelle nude d168zv,d168zv,donna,cerimonia,Décolleté,nude,149.9,149.9
Décolleté donna slingback in pelle nero d168zv,d168zv,donna,cerimonia,Décolleté,nero,149.9,149.9
Décolleté donna slingback in pelle platino d168zv,d168zv,donna,cerimonia,Décolleté,platino,149.9,149.9
Décolleté donna slingback in pelle blu abyss d168zv,d168zv,donna,cerimonia,Décolleté,abyss,104.93,149.9
Décolleté donna slingback in tessuto platino d168zv,d168zv,donna,cerimonia,Décolleté,platino,149.9,149.9
Décolleté donna in tessuto platino e1301z,e1301z,donna,cerimonia,Décolleté,platino,139.9,139.9
Décolleté donna in tessuto blu notte e1301z,e1301z,donna,cerimonia,Décolleté,notte,139.9,139.9
Décolleté donna cinturino incrociato in tessuto pelle nude e1631zv,e1631zv,donna,cerimonia,Décolleté,nude,159.9,159.9
Décolleté donna cinturino incrociato in pelle nero e1631zv,e1631zv,donna,cerimonia,Décolleté,nero,159.9,159.9
Décolleté donna cinturino incrociato in tessuto pelle wash platino e1631zv,e1631zv,donna,cerimonia,Décolleté,platino,169.9,169.9
Décolleté donna slingback in pelle rosa contour e1634zv,e1634zv,donna,cerimonia,Décolleté,contour,169.9,169.9
Décolleté donna slingback in pelle blu abyss e1634zv,e1634zv,donna,cerimonia,Décolleté,abyss,159.9,159.9
Décolleté donna slingback in tessuto galassia platino e1634zv,e1634zv,donna,cerimonia,Décolleté,platino,159.9,159.9
Décolleté donna slingback in pelle wash argento e1634zv,e1634zv,donna,cerimonia,Décolleté,argento,169.9,169.9
Décolleté donna slingback in pelle platino e1634zv,e1634zv,donna,cerimonia,Décolleté,platino,169.9,169.9
Décolleté donna slingback in pelle nero e1634zv,e1634zv,donna,cerimonia,Décolleté,nero,159.9,159.9
Décolleté donna slingback in tessuto galassia notte e1634zv,e1634zv,donna,cerimonia,Décolleté,notte,159.9,159.9
Décolleté donna slingback in pelle nude e1634zv,e1634zv,donna,cerimonia,Décolleté,nude,159.9,159.9
Décolleté donna slingback in pelle bianco e1634zv,e1634zv,donna,cerimonia,Décolleté,bianco,159.9,159.9
Décolleté donna slingback in pelle rosa glicine e1634zv,e1634zv,donna,cerimonia,Décolleté,glicine,118.93,169.9
Décolleté donna slingback in pelle harrods blu abyss e1634zv,e1634zv,donna,cerimonia,Décolleté,abyss,111.93,159.9
Décolleté donna slingback in pelle verde acid e1634zv,e1634zv,donna,cerimonia,Décolleté,acid,118.93,169.9
Décolleté donna slingback in tessuto azzurro cielo e1634w,e1634w,donna,cerimonia,Décolleté,cielo,111.93,159.9
Borsa pochette con tracolla in pelle nude bj034z,bj034z,donna,cerimonia,Borsa,nude,89.9,89.9
Borsa pochette con tracolla in pelle cipria bj036z,bj036z,donna,cerimonia,Borsa,cipria,89.9,89.9
Décolleté donna slingback in pelle platino d166z,d166z,donna,cerimonia,Décolleté,platino,139.9,139.9
Décolleté donna slingback in pelle blu abyss d165zv,d165zv,donna,cerimonia,Décolleté,abyss,149.9,149.9
Décolleté donna slingback in pelle wash abyss d166z,d166z,donna,cerimonia,Décolleté,abyss,139.9,139.9
Décolleté donna aperto ai lati in tessuto galassia argento e1630zv,e1630zv,donna,cerimonia,Décolleté,argento,159.9,159.9
Décolleté donna aperto ai lati in tessuto galassia platino e1630zv,e1630zv,donna,cerimonia,Décolleté,platino,159.9,159.9
Décolleté donna aperto ai lati in tessuto galassia notte e1630zv,e1630zv,donna,cerimonia,Décolleté,notte,159.9,159.9
Décolleté donna aperto ai lati in tessuto galassia phard e1630zv,e1630zv,donna,cerimonia,Décolleté,phard,159.9,159.9
Décolleté donna slingback in pelle argento d165z,d165z,donna,cerimonia,Décolleté,argento,149.9,149.9
Décolleté donna slingback in pelle wash rame d168zv,d168zv,donna,cerimonia,Décolleté,rame,104.93,149.9
Décolleté slingback donna in pelle e nylon nero e1852,e1852,donna,cerimonia,Décolleté,nero,159.9,159.9
Décolleté donna in pelle nude e1301z,e1301z,donna,cerimonia,Décolleté,nude,139.9,139.9
Décolleté donna slingback in tessuto argento d168zv,d168zv,donna,cerimonia,Décolleté,argento,149.9,149.9
Décolleté donna cinturino incrociato in tessuto galassia argento e1631zv,e1631zv,donna,cerimonia,Décolleté,argento,159.9,159.9
Décolleté donna slingback in pelle milk e1634zv,e1634zv,donna,cerimonia,Décolleté,milk,159.9,159.9
Décolleté donna slingback in pelle milk d168zv,d168zv,donna,cerimonia,Décolleté,milk,149.9,149.9
Décolleté donna slingback in tessuto galassia argento e1634zv,e1634zv,donna,cerimonia,Décolleté,argento,159.9,159.9
Décolleté donna slingback in tessuto galassia rosa e1634zv,e1634zv,donna,cerimonia,Décolleté,rosa,159.9,159.9
Borsa pochette con tracolla in tessuto raso nero bj064,bj064,donna,cerimonia,Borsa,nero,79.9,79.9
Borsa pochette con tracolla in pelle nappetta nude bj062,bj062,donna,cerimonia,Borsa,nude,79.9,79.9
Melluso Gift Card Virtuale,Gift Card,donna,,,,50.0,50.0
Pantofola donna in ecopelle bordo pd406w,pd406w,donna,pantofole,Pantofola,bordo,27.93,39.9
Pantofola donna in tessuto multi blu pd904w,pd904w,donna,pantofole,Pantofola,blu,38.5,55.0
Pantofola donna in tessuto grigio pd800w,pd800w,donna,pantofole,Pantofola,grigio,34.93,49.9
Pantofola donna in tessuto beige pd804w,pd804w,donna,pantofole,Pantofola,beige,34.93,49.9
Pantofola donna in tessuto blu pd827w,pd827w,donna,pantofole,Pantofola,blu,34.93,49.9
Pantofola donna in tessuto rosso pd823w,pd823w,donna,pantofole,Pantofola,rosso,31.5,45.0
Pantofola donna in pelle nero pd900w,pd900w,donna,pantofole,Pantofola,nero,41.93,59.9
Pantofola donna in tessuto multi taope pd904w,pd904w,donna,pantofole,Pantofola,taope,38.5,55.0
Pantofola donna in tessuto rosso pd902w,pd902w,donna,pantofole,Pantofola,rosso,34.93,49.9
Pantofola donna in tessuto riciclato beige pd836,pd836,donna,pantofole,Pantofola,beige,34.93,49.9
Pantofola donna in tessuto nero pd823w,pd823w,donna,pantofole,Pantofola,nero,31.5,45.0
Pantofola donna in tessuto riciclato blu pd836,pd836,donna,pantofole,Pantofola,blu,34.93,49.9
Pantofola donna in tessuto rosso pd827w,pd827w,donna,pantofole,Pantofola,rosso,34.93,49.9
Pantofola donna in tessuto blu pd306w,pd306w,donna,pantofole,Pantofola,blu,34.93,49.9
Pantofola donna in tessuto blu q61058w,q61058w,donna,pantofole,Pantofola,blu,41.93,59.9
Pantofola donna in pelle castoro pd900w,pd900w,donna,pantofole,Pantofola,castoro,41.93,59.9
Pantofola donna in pelle blu pd900w,pd900w,donna,pantofole,Pantofola,blu,41.93,59.9
Pantofola donna in tessuto blu  pd902w,pd902w,donna,pantofole,Pantofola,,34.93,49.9
Pantofola donna in tessuto blu pd407w,pd407w,donna,pantofole,Pantofola,blu,27.93,39.9
Pantofola donna in tessuto grigio pd306w,pd306w,donna,pantofole,Pantofola,grigio,34.93,49.9
Pantofola donna in pelle castoro pd908,pd908,donna,pantofole,Pantofola,castoro,41.93,59.9
Pantofola donna in tessuto riciclato grigio pd836,pd836,donna,pantofole,Pantofola,grigio,34.93,49.9
Pantofola donna in tessuto bordo pd407w,pd407w,donna,pantofole,Pantofola,bordo,27.93,39.9
Melluso Gift Card Virtuale,Gift Card,uomo,,,,50.0,50.0
Mocassino uomo in pelle nero u55254w,u55254w,uomo,mocassini-uomo,Mocassino,nero,69.93,99.9
Scarpa uomo allacciata derby in pelle abrasivato marrone u24648,u24648,uomo,mocassini-uomo,Scarpa,marrone,108.5,155.0
Stivaletto uomo allacciato in camoscio marrone u24650,u24650,uomo,mocassini-uomo,Stivaletto,marrone,118.93,169.9
Mocassino uomo in pelle bordo k36048,k36048,uomo,mocassini-uomo,Mocassino,bordo,76.93,109.9
Mocassino uomo classico in pelle nero u90605w,u90605w,uomo,mocassini-uomo,Mocassino,nero,179.9,179.9
Mocassino uomo classico in pelle blu u90605w,u90605w,uomo,mocassini-uomo,Mocassino,blu,179.9,179.9
Scarpa uomo allacciata derby in pelle abrasivato blu u24648,u24648,uomo,mocassini-uomo,Scarpa,blu,108.5,155.0
Mocassino uomo classico in pelle abrasivato nero u24647,u24647,uomo,mocassini-uomo,Mocassino,nero,108.5,155.0
Stivaletto uomo allacciato in pelle nero u24650,u24650,uomo,mocassini-uomo,Stivaletto,nero,118.93,169.9
Mocassino uomo classico in pelle abrasivato marrone u24647,u24647,uomo,mocassini-uomo,Mocassino,marrone,108.5,155.0
Mocassino uomo classico in pelle abrasivato nero u24647,u24647,uomo,mocassini-uomo,Mocassino,nero,108.5,155.0
Mocassino uomo in camoscio taope u0890z,u0890z,uomo,mocassini-uomo,Mocassino,taope,159.9,159.9
Mocassino uomo in pelle marrone u0890z,u0890z,uomo,mocassini-uomo,Mocassino,marrone,159.9,159.9
Mocassino uomo in pelle blu u0890z,u0890z,uomo,mocassini-uomo,Mocassino,blu,159.9,159.9
Mocassino uomo in pelle nero u0890z,u0890z,uomo,mocassini-uomo,Mocassino,nero,159.9,159.9
Mocassino uomo in camoscio blu u0890z,u0890z,uomo,mocassini-uomo,Mocassino,blu,159.9,159.9
Mocassino uomo in camoscio beige sand u0890z,u0890z,uomo,mocassini-uomo,Mocassino,sand,159.9,159.9
Mocassino uomo in camoscio taope u90308z,u90308z,uomo,mocassini-uomo,Mocassino,taope,159.9,159.9
Mocassino uomo in pelle nero u90308z,u90308z,uomo,mocassini-uomo,Mocassino,nero,159.9,159.9
Mocassino uomo in pelle blu u90308z,u90308z,uomo,mocassini-uomo,Mocassino,blu,159.9,159.9
Mocassino uomo in pelle marrone u90308z,u90308z,uomo,mocassini-uomo,Mocassino,marrone,159.9,159.9
Mocassino uomo drive in camoscio jeans u16012z,u16012z,uomo,mocassini-uomo,Mocassino,jeans,99.9,99.9
Mocassino uomo drive in camoscio cuoio u16012z,u16012z,uomo,mocassini-uomo,Mocassino,cuoio,99.9,99.9
Mocassino uomo drive in pelle marrone u16012z,u16012z,uomo,mocassini-uomo,Mocassino,marrone,99.9,99.9
Mocassino uomo in camoscio jeans u16017z,u16017z,uomo,mocassini-uomo,Mocassino,jeans,99.9,99.9
Mocassino uomo in camoscio giallo u16017z,u16017z,uomo,mocassini-uomo,Mocassino,giallo,99.9,99.9
Mocassino uomo in camoscio rosso u16017z,u16017z,uomo,mocassini-uomo,Mocassino,rosso,99.9,99.9
Mocassino uomo in pelle bianco u16017z,u16017z,uomo,mocassini-uomo,Mocassino,bianco,99.9,99.9
Mocassino uomo in pelle blu notte u16017z,u16017z,uomo,mocassini-uomo,Mocassino,notte,99.9,99.9
Mocassino uomo in camoscio blu notte u16017z,u16017z,uomo,mocassini-uomo,Mocassino,notte,99.9,99.9
Mocassino uomo in camoscio verde bosco u16017z,u16017z,uomo,mocassini-uomo,Mocassino,bosco,99.9,99.9
Mocassino uomo in camoscio verde acqua u16017z,u16017z,uomo,mocassini-uomo,Mocassino,acqua,99.9,99.9
Mocassino uomo in pelle bianco u16037z,u16037z,uomo,mocassini-uomo,Mocassino,bianco,99.9,99.9
Mocassino uomo classico in pelle abrasivato nero u1020,u1020,uomo,mocassini-uomo,Mocassino,nero,111.3,159.0
Mocassino uomo classico in pelle abrasivato blu u1020,u1020,uomo,mocassini-uomo,Mocassino,blu,111.3,159.0
Melluso Gift Card Virtuale,Gift Card,uomo,,,,50.0,50.0
Mocassino uomo classico in pelle blu u90605w,u90605w,uomo,classiche,Mocassino,blu,179.9,179.9
Mocassino uomo classico in pelle blu u90605w,u90605w,uomo,classiche,Mocassino,blu,179.9,179.9
Mocassino uomo classico in pelle nero u90605w,u90605w,uomo,classiche,Mocassino,nero,179.9,179.9
Scarpa derby uomo allacciata in pelle abrasivato nero u90323z,u90323z,uomo,classiche,Scarpa,nero,165.0,165.0
Scarpa stringata classica uomo in pelle nero u0723z,u0723z,uomo,classiche,Scarpa,nero,159.9,159.9
Scarpa stringata uomo derby in pelle abrasivato blu scuro u0882z,u0882z,uomo,classiche,Scarpa,scuro,165.0,165.0
Scarpa stringata uomo derby in pelle abrasivato nero u0882z,u0882z,uomo,classiche,Scarpa,nero,165.0,165.0
Scarpa stringata uomo derby in pelle vitello nero u0882z,u0882z,uomo,classiche,Scarpa,nero,165.0,165.0
Scarpa stringata uomo francesina in pelle abrasivato blu scuro u0885z,u0885z,uomo,classiche,Scarpa,scuro,165.0,165.0
Scarpa stringata uomo francesina in pelle abrasivato nero u0885z,u0885z,uomo,classiche,Scarpa,nero,165.0,165.0
Scarpa stringata uomo francesina in pelle nero u0885z,u0885z,uomo,classiche,Scarpa,nero,165.0,165.0
Scarpa stringata uomo francesina in pelle vitello blu scuro u0882z,u0882z,uomo,classiche,Scarpa,scuro,165.0,165.0
Scarpa stringata uomo francesina in pelle vitello blu scuro u0885z,u0885z,uomo,classiche,Scarpa,scuro,165.0,165.0
Scarpa uomo stringata classica in pelle marrone u55247w,u55247w,uomo,classiche,Scarpa,marrone,69.93,99.9
Scarpa uomo stringata classica in pelle nero u55247w,u55247w,uomo,classiche,Scarpa,nero,69.93,99.9
Scarpa uomo stringata classica in pelle nero u55262w,u55262w,uomo,classiche,Scarpa,nero,69.93,99.9
Scarpa uomo stringata derby  in pelle blu u90601z,u90601z,uomo,classiche,Scarpa,blu,189.9,189.9
Scarpa uomo stringata derby  in pelle nero u90601z,u90601z,uomo,classiche,Scarpa,nero,189.9,189.9
Scarpa uomo stringata derby coda di rondine in pelle marrone u90604z,u90604z,uomo,classiche,Scarpa,marrone,189.9,189.9
Scarpa uomo stringata derby coda di rondine in pelle nero u90604z,u90604z,uomo,classiche,Scarpa,nero,189.9,189.9
Scarpa uomo stringata derby in pelle brandy u90602z,u90602z,uomo,classiche,Scarpa,brandy,189.9,189.9
Scarpa uomo stringata derby in pelle marrone u90601z,u90601z,uomo,classiche,Scarpa,marrone,189.9,189.9
Scarpa uomo stringata derby in pelle nero u90602z,u90602z,uomo,classiche,Scarpa,nero,189.9,189.9
Scarpa uomo stringata francesina in pelle abrasivato nero u90601z,u90601z,uomo,classiche,Scarpa,nero,69.93,99.9
Scarpa uomo stringata francesina in pelle brown u90602z,u90602z,uomo,classiche,Scarpa,brown,189.9,189.9
Scarpa uomo stringata francesina in pelle nero u90603z,u90603z,uomo,classiche,Scarpa,nero,189.9,189.9
Scarpa uomo stringata francesina in pelle vitello blu u0972z,u0972z,uomo,classiche,Scarpa,blu,155.0,155.0
Scarpa uomo stringata francesina in pelle vitello nero u0972z,u0972z,uomo,classiche,Scarpa,nero,155.0,155.0
Scarpa uomo stringata in pelle moro u0563w,u0563w,uomo,classiche,Scarpa,moro,145.0,145.0
Scarpa uomo stringata in pelle nero u0563w,u0563w,uomo,classiche,Scarpa,nero,145.0,145.0
Melluso Gift Card Virtuale,Gift Card,uomo,,,,50.0,50.0
Sneakers uomo in pelle cannella u16253w,u16253w,uomo,sneakers,Sneakers,cannella,108.5,155.0
Sneakers uomo in camoscio steppa u16253w,u16253w,uomo,sneakers,Sneakers,steppa,108.5,155.0
Sneakers uomo in pelle marrone u16255z,u16255z,uomo,sneakers,Sneakers,marrone,159.9,159.9
Sneakers uomo in camoscio jeans u16256z,u16256z,uomo,sneakers,Sneakers,jeans,155.0,155.0
Sneakers uomo in camoscio beige u16256z,u16256z,uomo,sneakers,Sneakers,beige,155.0,155.0
Sneakers uomo in camoscio navy u16256z,u16256z,uomo,sneakers,Sneakers,navy,155.0,155.0
Sneakers uomo in tessuto camoscio verde u16256z,u16256z,uomo,sneakers,Sneakers,verde,155.0,155.0
Sneakers uomo in tessuto camoscio blu u16256z,u16256z,uomo,sneakers,Sneakers,blu,155.0,155.0
Sneakers uomo in tessuto camoscio grigio u16256z,u16256z,uomo,sneakers,Sneakers,grigio,155.0,155.0
Sneakers uomo in camoscio jeans u16258z,u16258z,uomo,sneakers,Sneakers,jeans,155.0,155.0
Sneakers uomo in pelle jeans u16268z,u16268z,uomo,sneakers,Sneakers,jeans,159.9,159.9
Sneakers uomo in pelle nero u55351w,u55351w,uomo,sneakers,Sneakers,nero,69.93,99.9
Sneakers uomo in camoscio e tessuto blu notte u15532z,u15532z,uomo,sneakers,Sneakers,notte,129.9,129.9
Sneakers uomo in camoscio e tessuto taope u15532z,u15532z,uomo,sneakers,Sneakers,taope,129.9,129.9
Sneakers uomo in pelle grigio u16268z,u16268z,uomo,sneakers,Sneakers,grigio,159.9,159.9
Sneakers uomo in pelle blu navy u16268z,u16268z,uomo,sneakers,Sneakers,navy,159.9,159.9
Sneakers uomo in camoscio steppa u16252w,u16252w,uomo,sneakers,Sneakers,steppa,104.93,149.9
Sneakers uomo in pelle nero u16253w,u16253w,uomo,sneakers,Sneakers,nero,108.5,155.0
Mocassino uomo in pelle nero u56027,u56027,uomo,sneakers,Mocassino,nero,97.93,139.9
Mocassino uomo in pelle nero u55358,u55358,uomo,sneakers,Mocassino,nero,69.93,99.9
Sneakers uomo in pelle marrone u55351w,u55351w,uomo,sneakers,Sneakers,marrone,69.93,99.9
Sneakers uomo in pelle whisky u16255z,u16255z,uomo,sneakers,Sneakers,whisky,159.9,159.9
Sneakers uomo in camoscio beige u16258z,u16258z,uomo,sneakers,Sneakers,beige,155.0,155.0
Sneakers uomo in pelle nero u16252w,u16252w,uomo,sneakers,Sneakers,nero,104.93,149.9
Sneakers uomo in pelle marrone u16252w,u16252w,uomo,sneakers,Sneakers,marrone,104.93,149.9
Sneakers uomo in camoscio e tessuto taope u15531z,u15531z,uomo,sneakers,Sneakers,taope,129.9,129.9
Sneakers uomo in camoscio e tessuto blu u15531z,u15531z,uomo,sneakers,Sneakers,blu,129.9,129.9
Sneakers uomo in pelle jeans u16255z,u16255z,uomo,sneakers,Sneakers,jeans,159.9,159.9
Sneakers uomo in pelle cuoio u16255z,u16255z,uomo,sneakers,Sneakers,cuoio,159.9,159.9
Mocassino uomo in pelle marrone u55358,u55358,uomo,sneakers,Mocassino,marrone,69.93,99.9
Melluso Gift Card Virtuale,Gift Card,uomo,,,,50.0,50.0
Stivaletto uomo in camoscio blu u55239w,u55239w,uomo,stivaletti,Stivaletto,blu,83.93,119.9
Stivaletto uomo in camoscio taope u55352w,u55352w,uomo,stivaletti,Stivaletto,taope,69.93,99.9
Stivaletto uomo in pelle marrone u55249w,u55249w,uomo,stivaletti,Stivaletto,marrone,76.93,109.9
Stivaletto uomo in pelle marrone u55261w,u55261w,uomo,stivaletti,Stivaletto,marrone,76.93,109.9
Stivaletto uomo in pelle marrone u55285w,u55285w,uomo,stivaletti,Stivaletto,marrone,76.93,109.9
Stivaletto uomo in pelle nero allacciato u17125w,u17125w,uomo,stivaletti,Stivaletto,allacciato,83.93,119.9
Stivaletto uomo in pelle nero u15455w,u15455w,uomo,stivaletti,Stivaletto,nero,97.93,139.9
Stivaletto uomo in pelle nero u55261w,u55261w,uomo,stivaletti,Stivaletto,nero,76.93,109.9
Stivaletto uomo in pelle nero u55352w,u55352w,uomo,stivaletti,Stivaletto,nero,69.93,99.9
Stivaletto uomo in pelle nero u56032,u56032,uomo,stivaletti,Stivaletto,nero,104.93,149.9
Melluso Gift Card Virtuale,Gift Card,uomo,,,,50.0,50.0
Pantofola uomo in tessuto camoscio verde pu167w,pu167w,uomo,pantofole,Pantofola,verde,34.93,49.9
Pantofola uomo in tessuto grigio pu809w,pu809w,uomo,pantofole,Pantofola,grigio,31.5,45.0
Pantofola uomo in tessuto camoscio blu pu167w,pu167w,uomo,pantofole,Pantofola,blu,34.93,49.9
Pantofola uomo in ecopelle marrone pu150w,pu150w,uomo,pantofole,Pantofola,marrone,27.93,39.9
Pantofola uomo in ecopelle blu pu150w,pu150w,uomo,pantofole,Pantofola,blu,27.93,39.9
